pos,wtAA,A,C,D,E,F,G,H,I,K,L,M,N,P,Q,R,S,T,V,W,Y,*
1,M,NaN,NaN,NaN,NaN,NaN,NaN,NaN,NaN,NaN,NaN,0.000,NaN,NaN,NaN,NaN,NaN,NaN,NaN,NaN,NaN,NaN
2,V,-0.162,NaN,0.227,NaN,0.341,-0.242,NaN,-0.294,NaN,0.249,NaN,NaN,NaN,NaN,NaN,NaN,NaN,0.000,NaN,NaN,NaN
3,P,-0.800,NaN,NaN,NaN,NaN,NaN,NaN,NaN,NaN,-1.530,NaN,NaN,0.005,-1.188,0.147,-1.258,-1.597,NaN,NaN,NaN,NaN
4,A,0.002,NaN,NaN,-1.840,NaN,0.591,NaN,NaN,NaN,NaN,NaN,NaN,0.267,NaN,NaN,-0.096,-1.922,-0.286,NaN,NaN,NaN
5,A,0.002,NaN,NaN,-1.294,NaN,-0.559,NaN,NaN,NaN,NaN,NaN,NaN,-0.309,NaN,NaN,-0.352,-1.416,-0.441,NaN,NaN,NaN
6,Q,NaN,NaN,NaN,-0.205,NaN,NaN,-0.483,NaN,-0.827,0.208,NaN,NaN,0.192,0.001,0.018,NaN,NaN,NaN,NaN,NaN,-2.555
7,Q,NaN,NaN,NaN,0.230,NaN,NaN,-0.189,NaN,-0.865,-0.051,NaN,NaN,0.471,0.002,-0.118,NaN,NaN,NaN,NaN,NaN,-2.602
8,T,-0.012,NaN,NaN,NaN,NaN,NaN,NaN,NaN,-0.418,NaN,-0.291,NaN,0.159,NaN,0.724,0.230,-0.000,NaN,NaN,NaN,NaN
9,A,0.001,NaN,-0.306,NaN,NaN,0.526,NaN,NaN,NaN,NaN,NaN,NaN,0.018,NaN,NaN,-0.238,-0.901,-0.375,NaN,NaN,NaN
10,M,0.238,NaN,NaN,NaN,NaN,NaN,NaN,-0.287,-0.288,-0.210,0.004,NaN,NaN,NaN,0.055,NaN,-0.549,-0.263,NaN,NaN,NaN
11,A,0.001,NaN,NaN,-0.355,NaN,-0.230,NaN,NaN,NaN,NaN,NaN,NaN,-0.069,NaN,NaN,-0.556,-0.431,-0.249,NaN,NaN,NaN
12,P,0.223,NaN,NaN,NaN,NaN,NaN,NaN,NaN,NaN,-0.553,NaN,NaN,0.003,-0.994,-0.950,-0.646,-0.229,NaN,NaN,NaN,NaN
13,D,0.244,NaN,0.003,-0.491,NaN,-0.639,-0.376,NaN,NaN,NaN,NaN,-0.513,NaN,NaN,NaN,NaN,NaN,-0.517,NaN,-0.569,NaN
14,A,0.001,NaN,NaN,-0.389,NaN,-0.150,NaN,NaN,NaN,NaN,NaN,NaN,0.040,NaN,NaN,-0.441,-0.559,-0.290,NaN,NaN,NaN
15,A,0.002,NaN,NaN,-0.482,NaN,-0.795,NaN,NaN,NaN,NaN,NaN,NaN,-0.226,NaN,NaN,-0.594,-1.093,-0.868,NaN,NaN,NaN
16,L,NaN,NaN,NaN,NaN,NaN,NaN,NaN,NaN,NaN,0.003,-0.407,NaN,-0.379,-0.498,-0.301,NaN,NaN,0.225,NaN,NaN,NaN
17,T,-0.089,NaN,NaN,NaN,NaN,NaN,NaN,NaN,-0.180,NaN,-0.522,NaN,0.382,NaN,0.310,-0.190,0.001,NaN,NaN,NaN,NaN
18,F,NaN,-2.681,NaN,NaN,0.012,NaN,NaN,-2.531,NaN,-1.204,NaN,NaN,NaN,NaN,NaN,-3.078,NaN,-2.103,NaN,-0.638,NaN
19,P,-0.956,NaN,NaN,NaN,NaN,NaN,NaN,NaN,NaN,-2.020,NaN,NaN,0.004,-0.789,-1.095,-0.935,-0.484,NaN,NaN,NaN,NaN
20,E,0.302,NaN,0.014,0.002,NaN,-0.322,NaN,NaN,-0.321,NaN,NaN,NaN,NaN,0.360,NaN,NaN,NaN,-0.296,NaN,NaN,-1.654
21,G,0.168,-0.660,-0.363,NaN,NaN,0.001,NaN,NaN,NaN,NaN,NaN,NaN,NaN,NaN,-0.465,-0.534,NaN,-0.556,NaN,NaN,NaN
22,F,NaN,-1.977,NaN,NaN,0.017,NaN,NaN,-2.940,NaN,-2.355,NaN,NaN,NaN,NaN,NaN,-3.034,NaN,-2.519,NaN,-1.903,NaN
23,L,NaN,NaN,NaN,NaN,NaN,NaN,NaN,NaN,NaN,0.006,-0.197,NaN,-2.846,-0.415,-0.494,NaN,NaN,-0.611,NaN,NaN,NaN
24,W,NaN,-1.746,NaN,NaN,NaN,-2.240,NaN,NaN,NaN,-0.444,NaN,NaN,NaN,NaN,-3.078,-0.744,NaN,NaN,0.014,NaN,-2.566
25,G,-0.861,-1.620,-2.875,NaN,NaN,0.004,NaN,NaN,NaN,NaN,NaN,NaN,NaN,NaN,-1.405,-2.805,NaN,-1.546,NaN,NaN,NaN
26,S,-0.131,NaN,NaN,NaN,NaN,NaN,NaN,NaN,NaN,-0.271,NaN,NaN,-2.133,NaN,NaN,0.002,0.297,NaN,0.139,NaN,-1.075
27,A,0.002,NaN,NaN,-1.884,NaN,0.178,NaN,NaN,NaN,NaN,NaN,NaN,-2.554,NaN,NaN,-0.177,-0.079,-0.859,NaN,NaN,NaN
28,T,-2.032,NaN,NaN,NaN,NaN,NaN,NaN,NaN,-2.632,NaN,-1.075,NaN,-0.556,NaN,-1.955,-2.485,0.007,NaN,NaN,NaN,NaN
29,A,0.003,NaN,NaN,-1.294,NaN,-0.747,NaN,NaN,NaN,NaN,NaN,NaN,-2.079,NaN,NaN,-0.202,-2.063,-2.363,NaN,NaN,NaN
30,S,NaN,-0.228,NaN,NaN,NaN,-0.507,NaN,-2.048,NaN,NaN,NaN,-2.466,NaN,NaN,-1.524,0.005,-0.894,NaN,NaN,NaN,NaN
31,Y,NaN,-2.489,-1.431,NaN,-0.418,NaN,-2.144,NaN,NaN,NaN,NaN,-3.023,NaN,NaN,NaN,-0.291,NaN,NaN,NaN,0.010,-2.178
32,Q,NaN,NaN,NaN,-0.029,NaN,NaN,-1.297,NaN,-0.952,-2.688,NaN,NaN,-1.180,0.011,-2.607,NaN,NaN,NaN,NaN,NaN,-2.233
33,I,NaN,NaN,NaN,NaN,-2.337,NaN,NaN,0.006,NaN,0.269,-1.149,-2.405,NaN,NaN,NaN,-1.732,-1.155,-0.314,NaN,NaN,NaN
34,E,-0.797,NaN,-1.673,0.011,NaN,-2.661,NaN,NaN,-2.552,NaN,NaN,NaN,NaN,-1.530,NaN,NaN,NaN,-2.566,NaN,NaN,-0.883
35,G,-1.604,-1.611,-2.385,NaN,NaN,0.003,NaN,NaN,NaN,NaN,NaN,NaN,NaN,NaN,-2.292,-2.565,NaN,-1.311,NaN,NaN,NaN
36,A,0.003,NaN,NaN,-1.475,NaN,-0.295,NaN,NaN,NaN,NaN,NaN,NaN,-1.479,NaN,NaN,-0.548,-2.040,-1.614,NaN,NaN,NaN
37,A,0.001,NaN,NaN,-0.944,NaN,0.071,NaN,NaN,NaN,NaN,NaN,NaN,-0.729,NaN,NaN,-0.663,-0.448,-0.240,NaN,NaN,NaN
38,A,0.001,NaN,NaN,-0.137,NaN,0.339,NaN,NaN,NaN,NaN,NaN,NaN,-1.087,NaN,NaN,-0.044,-0.175,-0.290,NaN,NaN,NaN
39,E,0.247,NaN,-0.323,0.003,NaN,-0.489,NaN,NaN,-0.278,NaN,NaN,NaN,NaN,-0.539,NaN,NaN,NaN,-0.236,NaN,NaN,-1.283
40,D,0.449,NaN,0.003,-0.289,NaN,-0.323,-0.264,NaN,NaN,NaN,NaN,-0.069,NaN,NaN,NaN,NaN,NaN,-1.243,NaN,-0.155,NaN
41,G,-0.621,-0.378,-0.405,NaN,NaN,0.001,NaN,NaN,NaN,NaN,NaN,NaN,NaN,NaN,-0.391,-0.436,NaN,-1.300,NaN,NaN,NaN
42,R,NaN,-2.174,NaN,NaN,NaN,-1.131,-2.335,NaN,NaN,-1.748,NaN,NaN,-2.538,NaN,0.005,-1.018,NaN,NaN,NaN,NaN,NaN
43,T,-0.058,NaN,NaN,NaN,NaN,NaN,NaN,NaN,-0.251,NaN,-0.162,NaN,-0.891,NaN,-0.322,-0.199,0.001,NaN,NaN,NaN,NaN
44,P,0.055,NaN,NaN,NaN,NaN,NaN,NaN,NaN,NaN,-0.331,NaN,NaN,0.001,-0.455,-0.440,-0.413,-0.226,NaN,NaN,NaN,NaN
45,S,-0.361,0.076,NaN,NaN,-2.189,NaN,NaN,NaN,NaN,NaN,NaN,NaN,-2.466,NaN,NaN,0.006,-0.710,NaN,NaN,-1.273,NaN
46,I,NaN,NaN,NaN,NaN,-1.192,NaN,NaN,0.007,NaN,-1.299,-0.983,-2.096,NaN,NaN,NaN,-1.309,-0.837,-0.484,NaN,NaN,NaN
47,W,NaN,-1.506,NaN,NaN,NaN,-2.483,NaN,NaN,NaN,-0.840,NaN,NaN,NaN,NaN,-2.582,-0.837,NaN,NaN,0.012,NaN,-2.244
48,D,-1.706,NaN,0.008,-1.569,NaN,-2.659,-1.601,NaN,NaN,NaN,NaN,-2.122,NaN,NaN,NaN,NaN,NaN,-2.622,NaN,-0.808,NaN
49,T,-0.259,NaN,NaN,NaN,NaN,NaN,NaN,-0.123,NaN,NaN,NaN,0.142,-1.503,NaN,NaN,-0.335,0.003,NaN,NaN,NaN,NaN
50,Y,NaN,-1.331,-1.680,NaN,0.106,NaN,-0.489,NaN,NaN,NaN,NaN,-1.758,NaN,NaN,NaN,-0.480,NaN,NaN,NaN,0.005,-1.791
51,A,0.002,NaN,NaN,-2.148,NaN,-1.095,NaN,NaN,NaN,NaN,NaN,NaN,-1.741,NaN,NaN,-0.159,-0.277,-0.340,NaN,NaN,NaN
52,R,NaN,-0.390,NaN,NaN,NaN,-0.340,-0.277,NaN,NaN,-0.614,NaN,NaN,-2.675,NaN,0.002,-0.355,NaN,NaN,NaN,NaN,NaN
53,T,-0.350,NaN,NaN,NaN,NaN,NaN,NaN,NaN,-0.288,NaN,-0.207,NaN,-0.653,NaN,0.046,-0.257,0.001,NaN,NaN,NaN,NaN
54,P,-0.280,NaN,NaN,NaN,NaN,NaN,NaN,NaN,NaN,-0.457,NaN,NaN,0.002,-0.589,0.023,-0.215,-0.731,NaN,NaN,NaN,NaN
55,G,-0.521,-0.507,-0.450,NaN,NaN,0.001,NaN,NaN,NaN,NaN,NaN,NaN,NaN,NaN,-0.403,-0.371,NaN,-1.077,NaN,NaN,NaN
56,R,NaN,-0.210,NaN,NaN,NaN,-1.035,0.022,NaN,NaN,-0.069,NaN,NaN,-0.614,NaN,0.001,-0.450,NaN,NaN,NaN,NaN,NaN
57,V,-1.806,NaN,NaN,-2.552,NaN,-1.811,NaN,NaN,NaN,-1.712,-2.337,NaN,NaN,NaN,NaN,NaN,NaN,0.008,NaN,NaN,NaN
58,R,NaN,-0.183,NaN,NaN,NaN,-1.782,-0.320,NaN,NaN,-0.042,NaN,NaN,-1.886,NaN,0.002,-0.713,NaN,NaN,NaN,NaN,NaN
59,N,NaN,NaN,-2.326,NaN,NaN,NaN,-0.082,-2.415,-2.198,NaN,NaN,0.010,NaN,NaN,NaN,-1.953,-0.407,NaN,NaN,-1.362,NaN
60,G,0.039,-0.641,-0.551,NaN,NaN,0.001,NaN,NaN,NaN,NaN,NaN,NaN,NaN,NaN,-0.180,-0.376,NaN,-0.559,NaN,NaN,NaN
61,D,-0.806,NaN,0.010,-0.610,NaN,-2.822,-1.092,NaN,NaN,NaN,NaN,-0.525,NaN,NaN,NaN,NaN,NaN,-2.852,NaN,-1.014,NaN
62,T,-1.071,NaN,NaN,NaN,NaN,NaN,NaN,-0.781,NaN,NaN,NaN,-0.556,-0.815,NaN,NaN,-0.539,0.004,NaN,NaN,NaN,NaN
63,G,-0.470,-1.578,-2.571,NaN,NaN,0.004,NaN,NaN,NaN,NaN,NaN,NaN,NaN,NaN,-1.715,-1.741,NaN,-1.792,NaN,NaN,NaN
64,D,0.148,NaN,0.004,-0.203,NaN,-0.471,-0.606,NaN,NaN,NaN,NaN,-0.486,NaN,NaN,NaN,NaN,NaN,-0.705,NaN,-0.740,NaN
65,V,-0.703,NaN,-1.549,NaN,-0.276,-0.622,NaN,-0.143,NaN,-0.377,NaN,NaN,NaN,NaN,NaN,NaN,NaN,0.004,NaN,NaN,NaN
66,A,0.002,NaN,-1.965,NaN,NaN,-0.367,NaN,NaN,NaN,NaN,NaN,NaN,-1.010,NaN,NaN,0.070,-0.176,-2.452,NaN,NaN,NaN
67,T,-0.877,NaN,NaN,NaN,NaN,NaN,NaN,NaN,-1.830,NaN,-2.366,NaN,-1.136,NaN,-2.324,-0.793,0.006,NaN,NaN,NaN,NaN
68,D,0.008,NaN,0.007,-0.990,NaN,-0.697,-0.520,NaN,NaN,NaN,NaN,-0.510,NaN,NaN,NaN,NaN,NaN,-2.222,NaN,-1.421,NaN
69,H,NaN,NaN,-0.657,NaN,NaN,NaN,0.010,NaN,NaN,-2.772,NaN,-0.916,-1.484,-1.858,-3.117,NaN,NaN,NaN,NaN,-0.939,NaN
70,Y,NaN,-2.250,-1.782,NaN,-0.366,NaN,-2.648,NaN,NaN,NaN,NaN,-2.923,NaN,NaN,NaN,-0.640,NaN,NaN,NaN,0.011,-2.451
71,H,NaN,NaN,-1.502,NaN,NaN,NaN,0.006,NaN,NaN,-1.770,NaN,-0.487,-0.743,-1.074,-0.713,NaN,NaN,NaN,NaN,-0.686,NaN
72,R,NaN,-0.576,NaN,NaN,NaN,-0.190,-0.247,NaN,NaN,-0.383,NaN,NaN,-2.085,NaN,0.002,-0.821,NaN,NaN,NaN,NaN,NaN
73,W,NaN,-0.729,NaN,NaN,NaN,-1.778,NaN,NaN,NaN,-0.514,NaN,NaN,NaN,NaN,-1.202,-0.467,NaN,NaN,0.010,NaN,-2.214
74,R,NaN,-0.439,NaN,NaN,NaN,-0.252,-0.314,NaN,NaN,-0.369,NaN,NaN,-0.562,NaN,0.002,-0.045,NaN,NaN,NaN,NaN,NaN
75,E,0.002,NaN,-0.119,0.005,NaN,-0.672,NaN,NaN,-0.555,NaN,NaN,NaN,NaN,-0.317,NaN,NaN,NaN,-0.667,NaN,NaN,-1.338
76,D,-1.065,NaN,0.007,-1.657,NaN,-2.982,-1.339,NaN,NaN,NaN,NaN,-2.514,NaN,NaN,NaN,NaN,NaN,-2.944,NaN,-1.041,NaN
77,V,-0.598,NaN,NaN,-2.533,NaN,-1.122,NaN,NaN,NaN,-0.552,-0.919,NaN,NaN,NaN,NaN,NaN,NaN,0.007,NaN,NaN,NaN
78,A,0.002,NaN,NaN,-0.424,NaN,-0.753,NaN,NaN,NaN,NaN,NaN,NaN,-1.101,NaN,NaN,-0.371,-0.417,-0.405,NaN,NaN,NaN
79,L,NaN,NaN,NaN,NaN,NaN,NaN,NaN,NaN,NaN,0.006,-0.269,NaN,-2.799,-0.592,-0.741,NaN,NaN,0.005,NaN,NaN,NaN
80,M,NaN,NaN,NaN,NaN,NaN,NaN,NaN,-0.430,-2.764,-0.405,0.009,NaN,NaN,NaN,-2.336,NaN,-0.790,-0.533,NaN,NaN,NaN
81,A,0.002,NaN,NaN,-0.560,NaN,-0.262,NaN,NaN,NaN,NaN,NaN,NaN,-0.709,NaN,NaN,-0.198,-0.507,-0.426,NaN,NaN,NaN
82,E,0.032,NaN,-0.239,0.003,NaN,-0.553,NaN,NaN,-0.309,NaN,NaN,NaN,NaN,-0.129,NaN,NaN,NaN,-0.579,NaN,NaN,-1.007
83,L,NaN,NaN,NaN,NaN,NaN,NaN,NaN,NaN,NaN,0.005,-0.189,NaN,-2.717,-0.880,-1.780,NaN,NaN,-0.860,NaN,NaN,NaN
84,G,0.066,-0.157,-0.577,NaN,NaN,0.001,NaN,NaN,NaN,NaN,NaN,NaN,NaN,NaN,-0.037,-0.350,NaN,-0.932,NaN,NaN,NaN
85,L,NaN,NaN,NaN,NaN,NaN,NaN,NaN,NaN,NaN,0.005,-0.454,NaN,-1.764,-0.676,-2.291,NaN,NaN,0.337,NaN,NaN,NaN
86,G,0.740,-0.673,-0.181,NaN,NaN,0.001,NaN,NaN,NaN,NaN,NaN,NaN,NaN,NaN,-0.195,-0.324,NaN,-0.379,NaN,NaN,NaN
87,A,0.003,NaN,NaN,-1.597,NaN,-1.086,NaN,NaN,NaN,NaN,NaN,NaN,-1.119,NaN,NaN,-0.460,-1.010,-0.809,NaN,NaN,NaN
88,Y,NaN,-2.465,-2.100,NaN,-1.664,NaN,-2.580,NaN,NaN,NaN,NaN,-2.909,NaN,NaN,NaN,-0.397,NaN,NaN,NaN,0.009,-1.393
89,R,NaN,-2.450,NaN,NaN,NaN,-1.700,-2.314,NaN,NaN,-1.207,NaN,NaN,-1.775,NaN,0.004,-1.211,NaN,NaN,NaN,NaN,NaN
90,F,NaN,-0.834,NaN,NaN,0.011,NaN,NaN,-2.898,NaN,-0.870,NaN,NaN,NaN,NaN,NaN,-2.541,NaN,-1.477,NaN,-0.887,NaN
91,S,NaN,-2.704,NaN,NaN,NaN,-1.243,NaN,-1.730,NaN,NaN,NaN,-2.405,NaN,NaN,-2.007,0.008,-1.092,NaN,NaN,NaN,NaN
92,L,NaN,NaN,NaN,NaN,NaN,NaN,NaN,NaN,NaN,0.010,-0.453,NaN,-2.402,-3.048,-2.427,NaN,NaN,-0.758,NaN,NaN,NaN
93,A,0.002,NaN,-1.782,NaN,NaN,-0.112,NaN,NaN,NaN,NaN,NaN,NaN,-0.468,NaN,NaN,-0.039,-1.774,-2.397,NaN,NaN,NaN
94,W,NaN,-1.316,NaN,NaN,NaN,-2.279,NaN,NaN,NaN,-1.063,NaN,NaN,NaN,NaN,-2.864,0.231,NaN,NaN,0.012,NaN,-2.339
95,P,-0.625,NaN,NaN,NaN,NaN,NaN,NaN,NaN,NaN,-2.277,NaN,NaN,0.004,-1.436,-1.372,-0.525,-0.524,NaN,NaN,NaN,NaN
96,R,NaN,-2.646,NaN,NaN,NaN,-2.138,-2.605,NaN,NaN,-1.842,NaN,NaN,-1.801,NaN,0.005,-1.902,NaN,NaN,NaN,NaN,NaN
97,I,NaN,NaN,NaN,NaN,-0.810,NaN,NaN,0.006,NaN,0.123,-0.354,-1.885,NaN,NaN,NaN,-1.378,-1.335,-0.306,NaN,NaN,NaN
98,Q,NaN,NaN,NaN,-0.346,NaN,NaN,-0.204,NaN,-0.645,-0.545,NaN,NaN,-0.843,0.005,-0.605,NaN,NaN,NaN,NaN,NaN,-2.124
99,P,-0.825,NaN,NaN,NaN,NaN,NaN,NaN,NaN,NaN,-0.842,NaN,NaN,0.003,-0.654,-0.630,-0.258,-0.946,NaN,NaN,NaN,NaN
100,T,-0.525,NaN,NaN,NaN,NaN,NaN,NaN,-0.536,NaN,NaN,NaN,0.132,-0.073,NaN,NaN,-0.182,0.002,NaN,NaN,NaN,NaN
101,G,-0.512,-0.448,-0.947,NaN,NaN,0.002,NaN,NaN,NaN,NaN,NaN,NaN,NaN,NaN,-0.780,-0.592,NaN,-0.236,NaN,NaN,NaN
102,R,NaN,-0.085,NaN,NaN,NaN,-0.363,-0.318,NaN,NaN,-0.314,NaN,NaN,-0.703,NaN,0.001,-0.514,NaN,NaN,NaN,NaN,NaN
103,G,-0.112,-0.146,-0.751,NaN,NaN,0.001,NaN,NaN,NaN,NaN,NaN,NaN,NaN,NaN,-0.414,-0.593,NaN,-0.101,NaN,NaN,NaN
104,P,-0.597,NaN,NaN,NaN,NaN,NaN,NaN,NaN,NaN,-0.409,NaN,NaN,0.002,-0.434,-0.581,-0.442,-0.446,NaN,NaN,NaN,NaN
105,A,0.001,NaN,NaN,-0.513,NaN,-0.577,NaN,NaN,NaN,NaN,NaN,NaN,-1.178,NaN,NaN,0.077,-0.450,-0.223,NaN,NaN,NaN
106,L,NaN,NaN,NaN,NaN,NaN,NaN,NaN,NaN,NaN,0.003,-0.439,NaN,-0.560,-0.473,-0.500,NaN,NaN,-0.222,NaN,NaN,NaN
107,Q,NaN,NaN,NaN,0.484,NaN,NaN,-0.202,NaN,-0.551,-0.602,NaN,NaN,-0.065,0.006,-0.493,NaN,NaN,NaN,NaN,NaN,-1.909
108,K,NaN,NaN,NaN,-0.491,NaN,NaN,NaN,-0.311,0.006,NaN,NaN,-0.410,NaN,0.105,-0.431,NaN,0.077,NaN,NaN,NaN,-2.584
109,G,0.248,-0.760,-2.145,NaN,NaN,0.002,NaN,NaN,NaN,NaN,NaN,NaN,NaN,NaN,-0.989,-0.686,NaN,-1.017,NaN,NaN,NaN
110,L,NaN,NaN,NaN,NaN,NaN,NaN,NaN,NaN,NaN,0.008,-0.714,NaN,-2.658,-1.978,-1.426,NaN,NaN,0.044,NaN,NaN,NaN
111,D,-0.356,NaN,0.004,-0.523,NaN,-0.974,-1.201,NaN,NaN,NaN,NaN,-0.437,NaN,NaN,NaN,NaN,NaN,-1.135,NaN,-1.260,NaN
112,F,NaN,-1.213,NaN,NaN,0.011,NaN,NaN,-1.329,NaN,-1.003,NaN,NaN,NaN,NaN,NaN,-2.363,NaN,-0.807,NaN,-0.662,NaN
113,Y,NaN,-2.837,-1.901,NaN,-1.971,NaN,-2.947,NaN,NaN,NaN,NaN,-2.883,NaN,NaN,NaN,-0.552,NaN,NaN,NaN,0.013,-2.271
114,R,NaN,-0.301,NaN,NaN,NaN,-1.101,-0.575,NaN,NaN,-0.306,NaN,NaN,-1.302,NaN,0.002,-0.194,NaN,NaN,NaN,NaN,NaN
115,R,NaN,-0.445,NaN,NaN,NaN,-0.630,-0.316,NaN,NaN,-0.477,NaN,NaN,-1.114,NaN,0.002,-0.436,NaN,NaN,NaN,NaN,NaN
116,L,NaN,NaN,NaN,NaN,NaN,NaN,NaN,NaN,NaN,0.009,-0.412,NaN,-3.023,-2.485,-2.472,NaN,NaN,-0.263,NaN,NaN,NaN
117,A,0.001,NaN,NaN,-2.008,NaN,-0.056,NaN,NaN,NaN,NaN,NaN,NaN,-1.232,NaN,NaN,-0.395,0.037,-0.195,NaN,NaN,NaN
118,D,-0.799,NaN,0.006,-0.544,NaN,-1.425,-1.415,NaN,NaN,NaN,NaN,-1.069,NaN,NaN,NaN,NaN,NaN,-2.566,NaN,-1.408,NaN
119,E,-0.123,NaN,-0.170,0.004,NaN,-0.505,NaN,NaN,-0.576,NaN,NaN,NaN,NaN,-0.180,NaN,NaN,NaN,-0.419,NaN,NaN,-0.801
120,L,NaN,NaN,NaN,NaN,NaN,NaN,NaN,NaN,NaN,0.006,-0.136,NaN,-2.736,-1.164,-2.385,NaN,NaN,-0.466,NaN,NaN,NaN
121,L,NaN,NaN,NaN,NaN,NaN,NaN,NaN,NaN,NaN,0.005,-0.272,NaN,-2.480,-0.446,-0.372,NaN,NaN,-0.667,NaN,NaN,NaN
122,A,0.001,NaN,-0.301,NaN,NaN,0.048,NaN,NaN,NaN,NaN,NaN,NaN,-0.361,NaN,NaN,-0.196,-0.172,-0.249,NaN,NaN,NaN
123,K,NaN,NaN,NaN,-0.421,NaN,NaN,NaN,-0.490,0.007,NaN,NaN,-0.147,NaN,-0.292,-0.286,NaN,-0.074,NaN,NaN,NaN,-2.559
124,G,-0.334,-0.567,-0.264,NaN,NaN,0.001,NaN,NaN,NaN,NaN,NaN,NaN,NaN,NaN,0.014,-0.269,NaN,-0.590,NaN,NaN,NaN
125,I,NaN,NaN,NaN,NaN,-2.227,NaN,NaN,0.008,NaN,-0.021,-0.811,-2.583,NaN,NaN,NaN,-2.043,-1.110,-0.460,NaN,NaN,NaN
126,Q,NaN,NaN,NaN,0.138,NaN,NaN,0.047,NaN,-0.394,-0.301,NaN,NaN,-0.703,0.003,-0.312,NaN,NaN,NaN,NaN,NaN,-2.117
127,P,-1.085,NaN,NaN,NaN,NaN,NaN,NaN,NaN,NaN,-0.979,NaN,NaN,0.003,-1.468,-1.461,-0.809,-0.896,NaN,NaN,NaN,NaN
128,V,-0.566,NaN,-1.637,NaN,-0.212,-1.233,NaN,-0.160,NaN,-0.639,NaN,NaN,NaN,NaN,NaN,NaN,NaN,0.004,NaN,NaN,NaN
129,A,0.002,NaN,-1.629,NaN,NaN,-0.537,NaN,NaN,NaN,NaN,NaN,NaN,-0.817,NaN,NaN,-0.623,-0.568,-0.183,NaN,NaN,NaN
130,T,-2.598,NaN,NaN,NaN,NaN,NaN,NaN,-1.889,NaN,NaN,NaN,-0.882,-1.164,NaN,NaN,-2.289,0.007,NaN,NaN,NaN,NaN
131,L,NaN,NaN,NaN,NaN,NaN,NaN,NaN,NaN,NaN,0.010,-0.414,NaN,-2.976,-2.615,-2.044,NaN,NaN,-0.586,NaN,NaN,NaN
132,Y,NaN,-1.146,-1.752,NaN,-0.464,NaN,-2.256,NaN,NaN,NaN,NaN,-2.590,NaN,NaN,NaN,-0.654,NaN,NaN,NaN,0.005,-1.877
133,H,NaN,NaN,NaN,NaN,NaN,NaN,0.008,NaN,NaN,-3.179,NaN,-0.941,-1.088,-0.778,-2.641,NaN,NaN,NaN,NaN,-2.301,NaN
134,W,NaN,-2.149,NaN,NaN,NaN,-2.199,NaN,NaN,NaN,-0.807,NaN,NaN,NaN,NaN,-2.702,-0.318,NaN,NaN,0.011,NaN,-2.137
135,D,-0.817,NaN,0.009,-2.106,NaN,-2.632,-1.214,NaN,NaN,NaN,NaN,-2.453,NaN,NaN,NaN,NaN,NaN,-2.650,NaN,-1.395,NaN
136,L,NaN,NaN,NaN,NaN,NaN,NaN,NaN,NaN,NaN,0.008,-0.549,NaN,-2.567,-1.692,-1.905,NaN,NaN,-0.842,NaN,NaN,NaN
137,P,-1.585,NaN,NaN,NaN,NaN,NaN,NaN,NaN,NaN,-2.038,NaN,NaN,0.005,-1.277,-1.268,-1.679,-1.475,NaN,NaN,NaN,NaN
138,Q,NaN,NaN,NaN,-0.523,NaN,NaN,-0.506,NaN,-0.974,-0.339,NaN,NaN,-0.721,0.006,-0.708,NaN,NaN,NaN,NaN,NaN,-2.279
139,E,0.192,NaN,-0.180,0.003,NaN,-0.303,NaN,NaN,-0.631,NaN,NaN,NaN,NaN,0.115,NaN,NaN,NaN,-0.569,NaN,NaN,-0.808
140,L,NaN,NaN,NaN,NaN,NaN,NaN,NaN,NaN,NaN,0.005,-0.166,NaN,-1.923,-0.613,-0.611,NaN,NaN,-0.100,NaN,NaN,NaN
141,E,-0.757,NaN,-0.685,0.009,NaN,-1.452,NaN,NaN,-2.527,NaN,NaN,NaN,NaN,-0.015,NaN,NaN,NaN,-2.625,NaN,NaN,-1.299
142,N,NaN,NaN,-0.254,NaN,NaN,NaN,-0.334,-0.216,-0.427,NaN,NaN,0.003,NaN,NaN,NaN,-0.256,-0.219,NaN,NaN,-0.213,NaN
143,A,0.001,NaN,NaN,-0.276,NaN,-0.195,NaN,NaN,NaN,NaN,NaN,NaN,-0.277,NaN,NaN,-0.441,-0.256,-0.323,NaN,NaN,NaN
144,G,-0.360,-0.812,-1.347,NaN,NaN,0.002,NaN,NaN,NaN,NaN,NaN,NaN,NaN,NaN,-0.500,-1.097,NaN,-1.725,NaN,NaN,NaN
145,G,-1.394,-1.532,-2.276,NaN,NaN,0.003,NaN,NaN,NaN,NaN,NaN,NaN,NaN,NaN,-1.128,-2.162,NaN,-1.476,NaN,NaN,NaN
146,W,NaN,-1.812,NaN,NaN,NaN,-1.676,NaN,NaN,NaN,-1.205,NaN,NaN,NaN,NaN,-3.018,0.183,NaN,NaN,0.013,NaN,-2.143
147,P,-0.056,NaN,NaN,NaN,NaN,NaN,NaN,NaN,NaN,-0.511,NaN,NaN,0.002,-0.718,-0.490,-0.459,-0.576,NaN,NaN,NaN,NaN
148,E,-0.112,NaN,-0.468,0.004,NaN,-0.558,NaN,NaN,-0.367,NaN,NaN,NaN,NaN,-0.378,NaN,NaN,NaN,-0.319,NaN,NaN,-0.934
149,R,NaN,-1.910,NaN,NaN,NaN,-1.505,-1.085,NaN,NaN,-0.504,NaN,NaN,-1.373,NaN,0.003,-1.308,NaN,NaN,NaN,NaN,NaN
150,A,0.000,NaN,0.549,NaN,NaN,-0.062,NaN,NaN,NaN,NaN,NaN,NaN,-0.575,NaN,NaN,-0.598,-0.156,-0.243,NaN,NaN,NaN
151,T,-0.724,NaN,NaN,NaN,NaN,NaN,NaN,NaN,-2.051,NaN,-0.544,NaN,-0.542,NaN,NaN,-0.593,0.004,NaN,NaN,NaN,NaN
152,A,0.002,NaN,NaN,-1.797,NaN,0.122,NaN,NaN,NaN,NaN,NaN,NaN,-0.606,NaN,NaN,-0.322,-0.405,-0.611,NaN,NaN,NaN
153,E,-0.268,NaN,-0.399,0.003,NaN,-0.309,NaN,NaN,-0.631,NaN,NaN,NaN,NaN,0.043,NaN,NaN,NaN,-0.455,NaN,NaN,-0.803
154,R,NaN,-0.266,NaN,NaN,NaN,0.287,-0.211,NaN,NaN,-0.529,NaN,NaN,-1.116,NaN,0.001,-0.105,NaN,NaN,NaN,NaN,NaN
155,F,NaN,-0.823,NaN,NaN,0.010,NaN,NaN,-0.792,NaN,-0.493,NaN,NaN,NaN,NaN,NaN,-2.702,NaN,-0.433,NaN,-0.674,NaN
156,A,0.002,NaN,NaN,-0.492,NaN,-0.451,NaN,NaN,NaN,NaN,NaN,NaN,-0.577,NaN,NaN,-0.502,-0.675,-0.612,NaN,NaN,NaN
157,E,0.075,NaN,-0.260,0.004,NaN,-0.485,NaN,NaN,-0.816,NaN,NaN,NaN,NaN,-0.650,NaN,NaN,NaN,-0.801,NaN,NaN,-1.075
158,Y,NaN,-1.274,-1.252,NaN,-0.304,NaN,-1.579,NaN,NaN,NaN,NaN,-2.833,NaN,NaN,NaN,-0.605,NaN,NaN,NaN,0.008,-2.382
159,A,0.002,NaN,-1.869,NaN,NaN,-0.700,NaN,NaN,NaN,NaN,NaN,NaN,-1.937,NaN,NaN,-1.006,-0.749,-0.561,NaN,NaN,NaN
160,A,0.001,NaN,NaN,-0.438,NaN,-0.166,NaN,NaN,NaN,NaN,NaN,NaN,-1.167,NaN,NaN,-0.258,-0.382,-0.066,NaN,NaN,NaN
161,I,NaN,NaN,NaN,NaN,-0.293,NaN,NaN,0.003,NaN,-0.295,-0.176,-0.861,NaN,NaN,NaN,-0.323,-0.510,-0.278,NaN,NaN,NaN
162,A,0.002,NaN,-1.249,NaN,NaN,-0.879,NaN,NaN,NaN,NaN,NaN,NaN,-0.556,NaN,NaN,-0.334,-0.407,-0.533,NaN,NaN,NaN
163,A,0.002,NaN,NaN,-1.488,NaN,-0.248,NaN,NaN,NaN,NaN,NaN,NaN,-1.592,NaN,NaN,-0.355,-0.478,-0.382,NaN,NaN,NaN
164,D,-0.112,NaN,0.001,0.087,NaN,-0.132,-0.216,NaN,NaN,NaN,NaN,-0.063,NaN,NaN,NaN,NaN,NaN,-0.507,NaN,-0.565,NaN
165,A,0.002,NaN,-0.683,NaN,NaN,-0.598,NaN,NaN,NaN,NaN,NaN,NaN,-0.335,NaN,NaN,-0.471,-0.772,-0.561,NaN,NaN,NaN
166,L,NaN,NaN,NaN,NaN,NaN,NaN,NaN,NaN,NaN,0.007,-0.466,NaN,-2.704,-2.991,-1.912,NaN,NaN,-0.749,NaN,NaN,NaN
167,G,0.304,-0.249,-0.328,NaN,NaN,0.001,NaN,NaN,NaN,NaN,NaN,NaN,NaN,NaN,-0.327,-0.136,NaN,-0.392,NaN,NaN,NaN
168,D,-0.612,NaN,0.006,-0.549,NaN,-0.615,-0.768,NaN,NaN,NaN,NaN,-0.486,NaN,NaN,NaN,NaN,NaN,-1.562,NaN,-0.616,NaN
169,R,NaN,-0.267,NaN,NaN,NaN,-0.598,-0.257,NaN,NaN,-0.488,NaN,NaN,-1.001,NaN,0.001,-0.196,NaN,NaN,NaN,NaN,NaN
170,V,-1.702,NaN,-2.935,NaN,-0.796,-1.640,NaN,-0.341,NaN,-0.931,NaN,NaN,NaN,NaN,NaN,NaN,NaN,0.005,NaN,NaN,NaN
171,K,NaN,NaN,NaN,-0.624,NaN,NaN,NaN,-0.750,0.007,NaN,NaN,-0.379,NaN,-0.348,-0.355,NaN,-0.330,NaN,NaN,NaN,-2.445
172,T,-0.433,NaN,NaN,NaN,NaN,NaN,NaN,-0.094,NaN,NaN,NaN,-0.266,-1.153,NaN,NaN,-0.423,0.002,NaN,NaN,NaN,NaN
173,W,NaN,-0.589,NaN,NaN,NaN,-1.713,NaN,NaN,NaN,-0.997,NaN,NaN,NaN,NaN,-3.012,-0.537,NaN,NaN,0.012,NaN,-2.360
174,T,-0.351,NaN,NaN,NaN,NaN,NaN,NaN,-0.042,NaN,NaN,NaN,-0.543,-1.560,NaN,NaN,-0.189,0.002,NaN,NaN,NaN,NaN
175,T,-2.685,NaN,NaN,NaN,NaN,NaN,NaN,NaN,-2.146,NaN,-2.672,NaN,-1.648,NaN,NaN,-0.561,0.006,NaN,NaN,NaN,NaN
176,L,NaN,NaN,NaN,NaN,NaN,NaN,NaN,NaN,NaN,0.007,-0.247,NaN,-2.753,-0.920,-2.303,NaN,NaN,-0.116,NaN,NaN,NaN
177,N,NaN,NaN,-2.759,NaN,NaN,NaN,-1.248,-2.918,-1.656,NaN,NaN,0.012,NaN,NaN,NaN,-2.748,-0.949,NaN,NaN,-3.047,NaN
178,E,-0.834,NaN,-2.291,0.012,NaN,-3.068,NaN,NaN,-2.538,NaN,NaN,NaN,NaN,-1.884,NaN,NaN,NaN,-3.101,NaN,NaN,-1.208
179,P,-1.835,NaN,NaN,NaN,NaN,NaN,NaN,NaN,NaN,-2.762,NaN,NaN,0.004,-1.512,-2.351,-2.591,-1.297,NaN,NaN,NaN,NaN
180,W,NaN,-1.184,NaN,NaN,NaN,-1.194,NaN,NaN,NaN,-0.759,NaN,NaN,NaN,NaN,-2.545,-1.536,NaN,NaN,0.009,NaN,-2.231
181,C,NaN,0.010,NaN,NaN,-1.003,-1.348,NaN,NaN,NaN,NaN,NaN,NaN,NaN,NaN,-2.702,-2.629,NaN,NaN,-1.959,-1.575,-1.193
182,S,NaN,-0.349,NaN,NaN,NaN,-1.599,NaN,-0.118,NaN,NaN,NaN,-2.531,NaN,NaN,-2.451,0.010,0.269,NaN,NaN,NaN,NaN
183,A,0.004,NaN,NaN,-1.891,NaN,-0.906,NaN,NaN,NaN,NaN,NaN,NaN,-0.506,NaN,NaN,-0.700,-1.645,-2.211,NaN,NaN,NaN
184,F,NaN,-0.917,NaN,NaN,0.010,NaN,NaN,-2.244,NaN,-1.420,NaN,NaN,NaN,NaN,NaN,-1.639,NaN,-1.525,NaN,-0.864,NaN
185,L,NaN,NaN,NaN,NaN,NaN,NaN,NaN,NaN,NaN,0.005,-0.067,NaN,-1.807,-0.858,-1.836,NaN,NaN,-0.645,NaN,NaN,NaN
186,G,-0.603,-2.147,-2.774,NaN,NaN,0.004,NaN,NaN,NaN,NaN,NaN,NaN,NaN,NaN,-1.321,-1.274,NaN,-1.783,NaN,NaN,NaN
187,Y,NaN,-2.604,-1.379,NaN,-2.046,NaN,-0.991,NaN,NaN,NaN,NaN,-3.144,NaN,NaN,NaN,-0.962,NaN,NaN,NaN,0.009,-1.797
188,G,-0.484,-0.297,-0.929,NaN,NaN,0.002,NaN,NaN,NaN,NaN,NaN,NaN,NaN,NaN,-1.617,-0.654,NaN,-0.966,NaN,NaN,NaN
189,S,-0.375,-1.856,NaN,NaN,-1.580,NaN,NaN,NaN,NaN,NaN,NaN,NaN,-2.843,NaN,NaN,0.006,-0.846,NaN,NaN,-1.327,NaN
190,G,-0.874,-1.330,-1.699,NaN,NaN,0.004,NaN,NaN,NaN,NaN,NaN,NaN,NaN,NaN,-1.969,-2.006,NaN,-1.710,NaN,NaN,NaN
191,V,-0.449,NaN,-0.255,NaN,-0.486,-0.449,NaN,-0.457,NaN,0.644,NaN,NaN,NaN,NaN,NaN,NaN,NaN,0.002,NaN,NaN,NaN
192,H,NaN,NaN,-1.037,NaN,NaN,NaN,0.009,NaN,NaN,-1.097,NaN,-0.651,-1.829,-0.603,-2.754,NaN,NaN,NaN,NaN,-2.778,NaN
193,A,0.005,NaN,NaN,-1.403,NaN,-0.657,NaN,NaN,NaN,NaN,NaN,NaN,-0.741,NaN,NaN,-1.023,-2.433,-2.558,NaN,NaN,NaN
194,P,-1.627,NaN,NaN,NaN,NaN,NaN,NaN,NaN,NaN,-2.606,NaN,NaN,0.004,-1.410,-2.942,-2.854,-0.674,NaN,NaN,NaN,NaN
195,G,-0.675,-1.525,-1.704,NaN,NaN,0.003,NaN,NaN,NaN,NaN,NaN,NaN,NaN,NaN,-2.225,-2.166,NaN,-1.529,NaN,NaN,NaN
196,R,NaN,-0.542,NaN,NaN,NaN,-0.512,-0.544,NaN,NaN,-0.562,NaN,NaN,-1.772,NaN,0.003,-0.684,NaN,NaN,NaN,NaN,NaN
197,T,-0.274,NaN,NaN,NaN,NaN,NaN,NaN,-0.618,NaN,NaN,NaN,-0.361,-0.004,NaN,NaN,-0.542,0.002,NaN,NaN,NaN,NaN
198,D,-0.337,NaN,0.005,-0.339,NaN,-0.707,-1.101,NaN,NaN,NaN,NaN,-0.262,NaN,NaN,NaN,NaN,NaN,-0.815,NaN,-0.689,NaN
199,P,0.365,NaN,NaN,NaN,NaN,NaN,NaN,NaN,NaN,-0.752,NaN,NaN,0.002,-0.422,-0.780,-0.472,-0.537,NaN,NaN,NaN,NaN
200,V,-0.483,NaN,-0.361,NaN,-0.469,-0.225,NaN,-0.451,NaN,0.218,NaN,NaN,NaN,NaN,NaN,NaN,NaN,0.002,NaN,NaN,NaN
201,A,0.002,NaN,-0.078,NaN,NaN,-0.124,NaN,NaN,NaN,NaN,NaN,NaN,0.004,NaN,NaN,-0.669,-0.609,-0.587,NaN,NaN,NaN
202,A,0.002,NaN,NaN,-1.047,NaN,-0.998,NaN,NaN,NaN,NaN,NaN,NaN,-0.051,NaN,NaN,-0.405,-0.550,-0.966,NaN,NaN,NaN
203,L,NaN,NaN,NaN,NaN,NaN,NaN,NaN,NaN,NaN,0.007,-0.630,NaN,-2.874,-3.372,-1.758,NaN,NaN,-0.286,NaN,NaN,NaN
204,R,NaN,-0.348,NaN,NaN,NaN,-0.420,-0.470,NaN,NaN,-0.438,NaN,NaN,-0.739,NaN,0.001,-0.443,NaN,NaN,NaN,NaN,NaN
205,A,0.003,NaN,-2.003,NaN,NaN,-0.958,NaN,NaN,NaN,NaN,NaN,NaN,-1.146,NaN,NaN,-0.537,-0.856,-1.115,NaN,NaN,NaN
206,A,0.003,NaN,NaN,-0.942,NaN,0.190,NaN,NaN,NaN,NaN,NaN,NaN,-1.742,NaN,NaN,-0.486,-0.996,-0.443,NaN,NaN,NaN
207,H,NaN,NaN,-0.053,NaN,NaN,NaN,0.011,NaN,NaN,-2.887,NaN,-1.718,-1.031,-2.536,-2.956,NaN,NaN,NaN,NaN,-2.470,NaN
208,H,NaN,NaN,-1.369,NaN,NaN,NaN,0.008,NaN,NaN,-1.753,NaN,-0.391,-0.691,-1.058,-2.915,NaN,NaN,NaN,NaN,-0.514,NaN
209,L,NaN,NaN,NaN,NaN,NaN,NaN,NaN,NaN,NaN,0.008,-0.532,NaN,-2.836,-1.505,-1.938,NaN,NaN,-1.943,NaN,NaN,NaN
210,N,NaN,NaN,-1.491,NaN,NaN,NaN,-1.008,-0.631,-2.200,NaN,NaN,0.008,NaN,NaN,NaN,-0.362,-0.378,NaN,NaN,-3.086,NaN
211,L,NaN,NaN,NaN,NaN,NaN,NaN,NaN,NaN,NaN,0.006,-0.041,NaN,-2.985,-2.251,-0.470,NaN,NaN,-0.313,NaN,NaN,NaN
212,G,-0.148,-0.509,-2.228,NaN,NaN,0.002,NaN,NaN,NaN,NaN,NaN,NaN,NaN,NaN,-2.069,-0.374,NaN,-1.293,NaN,NaN,NaN
213,H,NaN,NaN,-0.452,NaN,NaN,NaN,0.013,NaN,NaN,-3.118,NaN,-0.659,-1.441,-2.583,-3.110,NaN,NaN,NaN,NaN,-2.584,NaN
214,G,-0.947,-0.938,-2.583,NaN,NaN,0.003,NaN,NaN,NaN,NaN,NaN,NaN,NaN,NaN,-0.636,-2.158,NaN,-1.421,NaN,NaN,NaN
215,L,NaN,NaN,NaN,NaN,NaN,NaN,NaN,NaN,NaN,0.006,-0.255,NaN,-2.981,-0.662,-0.197,NaN,NaN,-0.286,NaN,NaN,NaN
216,A,0.002,NaN,NaN,-1.014,NaN,-0.648,NaN,NaN,NaN,NaN,NaN,NaN,-1.095,NaN,NaN,-0.690,-0.661,-0.656,NaN,NaN,NaN
217,V,-0.427,NaN,-2.119,NaN,-0.801,-0.427,NaN,-0.289,NaN,-0.445,NaN,NaN,NaN,NaN,NaN,NaN,NaN,0.003,NaN,NaN,NaN
218,Q,NaN,NaN,NaN,0.295,NaN,NaN,-0.266,NaN,-0.441,-0.267,NaN,NaN,-0.717,0.004,-0.272,NaN,NaN,NaN,NaN,NaN,-2.525
219,A,0.000,NaN,-0.743,NaN,NaN,-0.022,NaN,NaN,NaN,NaN,NaN,NaN,-1.686,NaN,NaN,-0.053,-0.014,-0.128,NaN,NaN,NaN
220,L,NaN,NaN,NaN,NaN,NaN,NaN,NaN,NaN,NaN,0.007,0.066,NaN,-2.857,-1.373,-1.456,NaN,NaN,0.322,NaN,NaN,NaN
221,R,NaN,-0.964,NaN,NaN,NaN,-0.913,-0.487,NaN,NaN,-1.240,NaN,NaN,-2.083,NaN,0.003,-0.968,NaN,NaN,NaN,NaN,NaN
222,D,-0.203,NaN,0.005,-0.177,NaN,-0.493,-0.480,NaN,NaN,NaN,NaN,-0.387,NaN,NaN,NaN,NaN,NaN,-0.836,NaN,-0.495,NaN
223,R,NaN,-0.259,NaN,NaN,NaN,-0.601,-0.177,NaN,NaN,-0.019,NaN,NaN,-0.827,NaN,0.001,-0.403,NaN,NaN,NaN,NaN,NaN
224,L,NaN,NaN,NaN,NaN,NaN,NaN,NaN,NaN,NaN,0.006,-0.478,NaN,-1.917,-1.069,-0.679,NaN,NaN,-0.449,NaN,NaN,NaN
225,P,-0.612,NaN,NaN,NaN,NaN,NaN,NaN,NaN,NaN,-0.813,NaN,NaN,0.002,-0.579,-0.484,-0.367,-0.252,NaN,NaN,NaN,NaN
226,A,0.001,NaN,NaN,-0.040,NaN,-0.381,NaN,NaN,NaN,NaN,NaN,NaN,0.190,NaN,NaN,-0.326,-0.333,-0.358,NaN,NaN,NaN
227,D,-0.438,NaN,0.003,-0.555,NaN,-0.392,-0.162,NaN,NaN,NaN,NaN,-0.376,NaN,NaN,NaN,NaN,NaN,-0.588,NaN,-0.526,NaN
228,A,0.001,NaN,NaN,-0.831,NaN,-0.328,NaN,NaN,NaN,NaN,NaN,NaN,-0.675,NaN,NaN,-0.265,-0.313,-0.421,NaN,NaN,NaN
229,Q,NaN,NaN,NaN,-0.336,NaN,NaN,-0.412,NaN,-0.276,-0.293,NaN,NaN,-0.677,0.004,-0.313,NaN,NaN,NaN,NaN,NaN,-2.390
230,C,NaN,0.007,NaN,NaN,-0.257,-0.710,NaN,NaN,NaN,NaN,NaN,NaN,NaN,NaN,-1.254,-0.755,NaN,NaN,-0.952,-0.612,-2.730
231,S,NaN,-2.062,NaN,NaN,NaN,-0.295,NaN,-1.718,NaN,NaN,NaN,-1.173,NaN,NaN,-1.501,0.004,-0.936,NaN,NaN,NaN,NaN
232,V,-1.029,NaN,-3.140,NaN,-1.830,-1.961,NaN,-0.500,NaN,-0.852,NaN,NaN,NaN,NaN,NaN,NaN,NaN,0.007,NaN,NaN,NaN
233,T,-1.584,NaN,NaN,NaN,NaN,NaN,NaN,-0.684,NaN,NaN,NaN,-1.498,-1.226,NaN,NaN,-2.017,0.007,NaN,NaN,NaN,NaN
234,L,NaN,NaN,NaN,NaN,NaN,NaN,NaN,NaN,NaN,0.008,-0.922,NaN,-2.584,-3.075,-2.108,NaN,NaN,-1.793,NaN,NaN,NaN
235,N,NaN,NaN,-1.278,NaN,NaN,NaN,-0.769,-1.362,-1.324,NaN,NaN,0.012,0.239,NaN,NaN,-2.770,-0.725,NaN,NaN,-1.759,NaN
236,I,NaN,NaN,NaN,NaN,-1.010,NaN,NaN,0.009,NaN,0.093,-0.169,-2.764,NaN,NaN,NaN,-1.024,-3.052,-0.716,NaN,NaN,NaN
237,H,NaN,NaN,-0.248,NaN,NaN,NaN,0.007,NaN,NaN,-0.523,NaN,-0.332,-0.642,-0.197,-2.826,NaN,NaN,NaN,NaN,-2.812,NaN
238,H,NaN,NaN,-0.712,NaN,NaN,NaN,0.004,NaN,NaN,-0.403,NaN,-0.297,-0.609,0.024,-0.587,NaN,NaN,NaN,NaN,-0.339,NaN
239,V,-0.490,NaN,NaN,-2.944,NaN,-0.943,NaN,NaN,NaN,-0.302,-0.834,NaN,NaN,NaN,NaN,NaN,NaN,0.006,NaN,NaN,NaN
240,R,NaN,-0.863,NaN,NaN,NaN,-1.161,-0.806,NaN,NaN,-0.934,NaN,NaN,-2.174,NaN,0.003,-0.356,NaN,NaN,NaN,NaN,NaN
241,P,-0.926,NaN,NaN,NaN,NaN,NaN,NaN,NaN,NaN,-1.785,NaN,NaN,0.003,-0.377,-0.802,-0.610,-0.590,NaN,NaN,NaN,NaN
242,L,NaN,NaN,NaN,NaN,NaN,NaN,NaN,NaN,NaN,0.006,-0.426,NaN,-2.176,-0.527,-0.465,NaN,NaN,-1.123,NaN,NaN,NaN
243,T,-0.557,NaN,NaN,NaN,NaN,NaN,NaN,NaN,-0.739,NaN,-0.954,NaN,-1.138,NaN,-0.547,-0.172,0.003,NaN,NaN,NaN,NaN
244,D,0.012,NaN,0.002,-0.116,NaN,-0.359,-0.775,NaN,NaN,NaN,NaN,-0.132,NaN,NaN,NaN,NaN,NaN,-0.402,NaN,-0.700,NaN
245,S,-0.476,0.531,NaN,NaN,-0.895,NaN,NaN,NaN,NaN,NaN,NaN,NaN,-1.396,NaN,NaN,0.004,-0.391,NaN,NaN,-0.554,NaN
246,D,0.049,NaN,0.001,-0.125,NaN,-0.346,0.658,NaN,NaN,NaN,NaN,-0.160,NaN,NaN,NaN,NaN,NaN,-0.174,NaN,-0.260,NaN
247,A,0.001,NaN,-0.364,NaN,NaN,0.452,NaN,NaN,NaN,NaN,NaN,NaN,-0.005,NaN,NaN,-0.450,-0.205,-0.106,NaN,NaN,NaN
248,D,-0.282,NaN,0.008,-1.504,NaN,-1.194,-0.169,NaN,NaN,NaN,NaN,-0.781,NaN,NaN,NaN,NaN,NaN,-1.691,NaN,-1.017,NaN
249,A,0.002,NaN,NaN,-0.541,NaN,-0.311,NaN,NaN,NaN,NaN,NaN,NaN,-0.888,NaN,NaN,-0.369,-0.637,-0.315,NaN,NaN,NaN
250,D,-0.623,NaN,0.004,-0.399,NaN,-0.534,-0.244,NaN,NaN,NaN,NaN,-0.326,NaN,NaN,NaN,NaN,NaN,-0.846,NaN,-0.902,NaN
251,A,0.002,NaN,-1.285,NaN,NaN,-0.933,NaN,NaN,NaN,NaN,NaN,NaN,-1.365,NaN,NaN,-0.400,-0.514,-0.796,NaN,NaN,NaN
252,V,-0.201,NaN,NaN,-0.784,NaN,-0.357,NaN,NaN,NaN,-0.593,-0.757,NaN,NaN,NaN,NaN,NaN,NaN,0.003,NaN,NaN,NaN
253,R,NaN,-1.520,NaN,NaN,NaN,-1.157,-1.715,NaN,NaN,-1.478,NaN,NaN,-2.834,NaN,0.004,-0.867,NaN,NaN,NaN,NaN,NaN
254,R,NaN,-0.491,NaN,NaN,NaN,-0.910,-0.568,NaN,NaN,-0.938,NaN,NaN,-1.535,NaN,0.003,-0.545,NaN,NaN,NaN,NaN,NaN
255,I,NaN,NaN,NaN,NaN,-0.410,NaN,NaN,0.007,NaN,-0.581,-0.365,-2.541,NaN,NaN,NaN,-0.708,-1.020,-0.463,NaN,NaN,NaN
256,D,-0.471,NaN,0.008,-0.569,NaN,-1.311,-0.899,NaN,NaN,NaN,NaN,-1.213,NaN,NaN,NaN,NaN,NaN,-2.423,NaN,-1.208,NaN
257,A,0.002,NaN,NaN,-1.117,NaN,-0.577,NaN,NaN,NaN,NaN,NaN,NaN,-2.264,NaN,NaN,-0.703,-0.579,-0.802,NaN,NaN,NaN
258,L,NaN,NaN,NaN,NaN,NaN,NaN,NaN,NaN,NaN,0.005,-0.264,NaN,-2.886,-0.872,-1.052,NaN,NaN,-0.455,NaN,NaN,NaN
259,A,0.002,NaN,-0.912,NaN,NaN,-0.532,NaN,NaN,NaN,NaN,NaN,NaN,-1.967,NaN,NaN,-0.546,-0.658,-1.171,NaN,NaN,NaN
260,N,NaN,NaN,-1.621,NaN,NaN,NaN,-0.337,-1.988,-1.361,NaN,NaN,0.008,NaN,NaN,NaN,-1.258,-0.269,NaN,NaN,-3.037,NaN
261,R,NaN,-1.232,NaN,NaN,NaN,0.617,-1.373,NaN,NaN,-1.367,NaN,NaN,-1.281,NaN,0.003,-0.804,NaN,NaN,NaN,NaN,NaN
262,V,-0.504,NaN,-2.274,NaN,0.171,-0.986,NaN,0.033,NaN,-0.698,NaN,NaN,NaN,NaN,NaN,NaN,NaN,0.005,NaN,NaN,NaN
263,F,NaN,-1.417,NaN,NaN,0.016,NaN,NaN,-3.447,NaN,-2.859,NaN,NaN,NaN,NaN,NaN,-3.242,NaN,-0.969,NaN,-1.197,NaN
264,T,-0.663,NaN,NaN,NaN,NaN,NaN,NaN,-0.411,NaN,NaN,NaN,-1.578,-0.811,NaN,NaN,-0.735,0.003,NaN,NaN,NaN,NaN
265,G,-1.064,-0.957,-0.782,NaN,NaN,0.002,NaN,NaN,NaN,NaN,NaN,NaN,NaN,NaN,-0.994,-0.780,NaN,-0.708,NaN,NaN,NaN
266,P,-0.349,NaN,NaN,NaN,NaN,NaN,NaN,NaN,NaN,-2.722,NaN,NaN,0.004,-1.262,-1.870,-2.039,-1.094,NaN,NaN,NaN,NaN
267,M,NaN,NaN,NaN,NaN,NaN,NaN,NaN,-0.439,-2.867,-0.438,0.008,NaN,NaN,NaN,-1.772,NaN,-1.120,-1.015,NaN,NaN,NaN
268,L,NaN,NaN,NaN,NaN,NaN,NaN,NaN,NaN,NaN,0.008,-0.258,NaN,-3.063,-1.736,-2.157,NaN,NaN,0.349,NaN,NaN,NaN
269,Q,NaN,NaN,NaN,0.013,NaN,NaN,-0.336,NaN,-0.191,-0.356,NaN,NaN,-1.325,0.004,-0.254,NaN,NaN,NaN,NaN,NaN,-2.456
270,G,-0.089,-0.603,-2.504,NaN,NaN,0.002,NaN,NaN,NaN,NaN,NaN,NaN,NaN,NaN,-0.172,-0.566,NaN,-1.144,NaN,NaN,NaN
271,A,0.001,NaN,NaN,-0.151,NaN,0.118,NaN,NaN,NaN,NaN,NaN,NaN,-2.241,NaN,NaN,-0.511,-0.343,-0.188,NaN,NaN,NaN
272,Y,NaN,-1.834,-1.433,NaN,-0.911,NaN,-3.033,NaN,NaN,NaN,NaN,-2.712,NaN,NaN,NaN,-0.783,NaN,NaN,NaN,0.010,-2.542
273,P,-0.221,NaN,NaN,NaN,NaN,NaN,NaN,NaN,NaN,-2.549,NaN,NaN,0.004,-0.710,-2.918,-0.550,-0.918,NaN,NaN,NaN,NaN
274,E,-0.322,NaN,-0.251,0.004,NaN,-0.444,NaN,NaN,-0.554,NaN,NaN,NaN,NaN,-0.077,NaN,NaN,NaN,-0.495,NaN,NaN,-1.705
275,D,-0.429,NaN,0.007,-1.560,NaN,-1.651,NaN,NaN,NaN,NaN,NaN,-1.413,NaN,NaN,NaN,NaN,NaN,-2.427,NaN,-1.851,NaN
276,L,NaN,NaN,NaN,NaN,NaN,NaN,NaN,NaN,NaN,0.008,-0.419,NaN,-2.902,-2.846,-2.390,NaN,NaN,0.273,NaN,NaN,NaN
277,V,-0.563,NaN,-1.971,NaN,-0.424,-0.895,NaN,-0.004,NaN,0.070,NaN,NaN,NaN,NaN,NaN,NaN,NaN,0.004,NaN,NaN,NaN
278,K,NaN,NaN,1.254,-0.255,NaN,NaN,NaN,-0.489,0.008,NaN,NaN,-0.282,NaN,-0.528,-0.145,NaN,-0.066,NaN,NaN,NaN,-2.988
279,D,-1.030,NaN,0.005,-0.482,NaN,-1.399,-0.394,NaN,NaN,NaN,NaN,-0.586,NaN,NaN,NaN,NaN,NaN,-1.316,NaN,-0.663,NaN
280,T,-1.163,NaN,NaN,NaN,NaN,NaN,NaN,-0.818,NaN,NaN,NaN,-0.993,-1.906,NaN,NaN,-0.868,0.006,NaN,NaN,NaN,NaN
281,A,0.001,NaN,-0.082,NaN,NaN,0.130,NaN,NaN,NaN,NaN,NaN,NaN,-2.271,NaN,NaN,-0.359,-0.355,-0.210,NaN,NaN,NaN
282,G,-0.039,-0.215,-0.273,NaN,NaN,0.000,NaN,NaN,NaN,NaN,NaN,NaN,NaN,NaN,0.120,-0.081,NaN,0.144,NaN,NaN,NaN
283,L,NaN,NaN,NaN,NaN,NaN,NaN,NaN,NaN,NaN,0.007,-0.635,NaN,-2.908,-0.538,-0.898,NaN,NaN,-0.426,NaN,NaN,NaN
284,T,-1.013,NaN,NaN,NaN,NaN,NaN,NaN,NaN,-2.233,NaN,-1.157,NaN,-1.607,NaN,-2.051,-0.429,0.005,NaN,NaN,NaN,NaN
285,D,-0.264,NaN,0.004,-0.558,NaN,-0.826,-0.280,NaN,NaN,NaN,NaN,-0.335,NaN,NaN,NaN,NaN,NaN,-1.425,NaN,-1.506,NaN
286,W,NaN,-1.760,NaN,NaN,NaN,-1.621,NaN,NaN,NaN,-1.253,NaN,NaN,NaN,NaN,-3.159,-2.126,NaN,NaN,0.012,NaN,-2.646
287,S,-0.074,0.224,NaN,NaN,-0.226,NaN,NaN,NaN,NaN,NaN,NaN,NaN,-0.724,NaN,NaN,0.002,-0.435,NaN,NaN,-0.197,NaN
288,F,NaN,-0.294,NaN,NaN,0.016,NaN,NaN,-3.057,NaN,-3.237,NaN,NaN,NaN,NaN,NaN,-3.417,NaN,-0.574,NaN,-0.417,NaN
289,V,-0.603,NaN,NaN,-1.994,NaN,-1.543,NaN,NaN,NaN,-0.793,-0.792,NaN,NaN,NaN,NaN,NaN,NaN,0.006,NaN,NaN,NaN
290,R,NaN,-0.425,NaN,NaN,NaN,-0.184,-0.341,NaN,NaN,-0.185,NaN,NaN,-2.277,NaN,0.002,-0.480,NaN,NaN,NaN,NaN,NaN
291,D,-0.089,NaN,0.004,-0.328,NaN,-0.351,0.318,NaN,NaN,NaN,NaN,-0.405,NaN,NaN,NaN,NaN,NaN,-0.623,NaN,-0.626,NaN
292,G,-0.060,-0.342,-0.220,NaN,NaN,0.001,NaN,NaN,NaN,NaN,NaN,NaN,NaN,NaN,-0.283,-0.379,NaN,-0.187,NaN,NaN,NaN
293,D,-2.162,NaN,0.012,-1.736,NaN,-3.430,-1.025,NaN,NaN,NaN,NaN,-2.953,NaN,NaN,NaN,NaN,NaN,-3.223,NaN,-0.979,NaN
294,L,NaN,NaN,NaN,NaN,NaN,NaN,NaN,NaN,NaN,0.003,-0.285,NaN,-0.450,-0.704,-0.532,NaN,NaN,0.238,NaN,NaN,NaN
295,R,NaN,-0.318,NaN,NaN,NaN,-0.174,-0.479,NaN,NaN,-0.367,NaN,NaN,-0.154,NaN,0.001,-0.414,NaN,NaN,NaN,NaN,NaN
296,L,NaN,NaN,NaN,NaN,NaN,NaN,NaN,NaN,NaN,0.006,-0.194,NaN,-2.094,-0.352,-0.333,NaN,NaN,0.769,NaN,NaN,NaN
297,A,0.001,NaN,NaN,-0.990,NaN,0.181,NaN,NaN,NaN,NaN,NaN,NaN,-0.850,NaN,NaN,-0.336,-0.065,-0.126,NaN,NaN,NaN
298,H,NaN,NaN,-0.616,NaN,NaN,NaN,0.004,NaN,NaN,-0.640,NaN,-0.617,-0.913,-0.342,-0.621,NaN,NaN,NaN,NaN,-0.368,NaN
299,Q,NaN,NaN,NaN,-0.349,NaN,NaN,-0.479,NaN,-0.523,-1.200,NaN,NaN,-0.611,0.008,-0.550,NaN,NaN,NaN,NaN,NaN,-2.424
300,K,NaN,NaN,NaN,-0.309,NaN,NaN,NaN,-0.550,0.007,NaN,NaN,-0.367,NaN,-0.121,-0.369,NaN,-0.288,NaN,NaN,NaN,-3.167
301,L,NaN,NaN,NaN,NaN,NaN,NaN,NaN,NaN,NaN,0.007,-0.648,NaN,-1.599,-2.632,-1.616,NaN,NaN,-0.712,NaN,NaN,NaN
302,D,-0.326,NaN,0.006,-0.554,NaN,-1.362,-1.409,NaN,NaN,NaN,NaN,-0.565,NaN,NaN,NaN,NaN,NaN,-3.313,NaN,-1.509,NaN
303,F,NaN,-0.175,NaN,NaN,0.008,NaN,NaN,-0.923,NaN,-0.824,NaN,NaN,NaN,NaN,NaN,-1.083,NaN,-0.395,NaN,-0.694,NaN
304,L,NaN,NaN,NaN,NaN,NaN,NaN,NaN,NaN,NaN,0.006,-0.400,NaN,-3.278,-3.268,-1.406,NaN,NaN,-0.193,NaN,NaN,NaN
305,G,-1.273,-1.247,-2.949,NaN,NaN,0.003,NaN,NaN,NaN,NaN,NaN,NaN,NaN,NaN,-2.029,-1.480,NaN,-1.468,NaN,NaN,NaN
306,V,-1.455,NaN,-3.153,NaN,-0.802,-1.406,NaN,-0.287,NaN,-0.322,NaN,NaN,NaN,NaN,NaN,NaN,NaN,0.006,NaN,NaN,NaN
307,N,NaN,NaN,-2.994,NaN,NaN,NaN,-2.171,-2.649,-1.358,NaN,NaN,0.016,NaN,NaN,NaN,-2.984,-1.391,NaN,NaN,-3.159,NaN
308,Y,NaN,-3.017,-0.837,NaN,-0.507,NaN,-2.753,NaN,NaN,NaN,NaN,-2.991,NaN,NaN,NaN,-0.963,NaN,NaN,NaN,0.010,-2.131
309,Y,NaN,-2.684,-1.651,NaN,-2.319,NaN,-2.772,NaN,NaN,NaN,NaN,-3.143,NaN,NaN,NaN,-1.224,NaN,NaN,NaN,0.008,-1.732
310,S,-0.297,NaN,NaN,NaN,NaN,NaN,NaN,NaN,NaN,-2.644,NaN,NaN,-3.197,NaN,NaN,0.008,-0.654,NaN,NaN,NaN,-1.044
311,P,-1.091,NaN,NaN,NaN,NaN,NaN,NaN,NaN,NaN,-2.720,NaN,NaN,0.004,-1.136,-1.306,-1.532,-0.649,NaN,NaN,NaN,NaN
312,T,-1.210,NaN,NaN,NaN,NaN,NaN,NaN,-2.007,NaN,NaN,NaN,-0.437,-1.843,NaN,NaN,-0.442,0.004,NaN,NaN,NaN,NaN
313,L,NaN,NaN,NaN,NaN,NaN,NaN,NaN,NaN,NaN,0.005,-0.312,NaN,-1.981,-0.701,-0.560,NaN,NaN,0.026,NaN,NaN,NaN
314,V,-1.081,NaN,NaN,-3.141,NaN,-1.343,NaN,NaN,NaN,-1.300,-2.464,NaN,NaN,NaN,NaN,NaN,NaN,0.008,NaN,NaN,NaN
315,S,-0.282,NaN,NaN,NaN,NaN,NaN,NaN,NaN,NaN,-1.487,NaN,NaN,-2.997,NaN,NaN,0.006,-0.604,NaN,-0.299,NaN,-1.114
316,E,0.255,NaN,-0.179,0.002,NaN,-0.250,NaN,NaN,0.086,NaN,NaN,NaN,NaN,-0.180,NaN,NaN,NaN,-0.379,NaN,NaN,-1.277
317,A,0.001,NaN,NaN,-0.682,NaN,-0.347,NaN,NaN,NaN,NaN,NaN,NaN,-0.968,NaN,NaN,-0.209,-0.214,-0.418,NaN,NaN,NaN
318,D,-0.081,NaN,0.004,-0.487,NaN,-0.381,0.184,NaN,NaN,NaN,NaN,-0.187,NaN,NaN,NaN,NaN,NaN,-0.529,NaN,-0.484,NaN
319,G,-0.508,-0.444,-0.319,NaN,NaN,0.001,NaN,NaN,NaN,NaN,NaN,NaN,NaN,NaN,-0.386,-0.252,NaN,-0.239,NaN,NaN,NaN
320,S,NaN,-0.403,NaN,NaN,NaN,-0.447,NaN,-0.451,NaN,NaN,NaN,-0.237,NaN,NaN,-0.229,0.002,-0.675,NaN,NaN,NaN,NaN
321,G,0.589,-0.283,-0.287,NaN,NaN,0.001,NaN,NaN,NaN,NaN,NaN,NaN,NaN,NaN,-0.072,-0.284,NaN,-0.529,NaN,NaN,NaN
322,T,-0.287,NaN,NaN,NaN,NaN,NaN,NaN,NaN,-0.444,NaN,-0.463,NaN,-0.228,NaN,-0.551,-0.254,0.003,NaN,NaN,NaN,NaN
323,H,NaN,NaN,-0.200,NaN,NaN,NaN,0.004,NaN,NaN,-0.634,NaN,-0.385,-0.025,-0.287,-0.478,NaN,NaN,NaN,NaN,-0.362,NaN
324,N,NaN,NaN,-0.196,NaN,NaN,NaN,-0.279,-0.421,-0.330,NaN,NaN,0.003,NaN,NaN,NaN,-0.396,-0.034,NaN,NaN,-0.443,NaN
325,S,-0.454,-0.012,NaN,NaN,-0.351,NaN,NaN,NaN,NaN,NaN,NaN,NaN,-0.370,NaN,NaN,0.003,-0.490,NaN,NaN,-0.340,NaN
326,D,-0.492,NaN,0.004,-0.111,NaN,-0.491,-0.106,NaN,NaN,NaN,NaN,-0.336,NaN,NaN,NaN,NaN,NaN,-0.622,NaN,-0.546,NaN
327,G,2.120,-0.202,-0.317,NaN,NaN,0.001,NaN,NaN,NaN,NaN,NaN,NaN,NaN,NaN,-0.213,-0.436,NaN,-0.239,NaN,NaN,NaN
328,H,NaN,NaN,0.106,NaN,NaN,NaN,0.004,NaN,NaN,-0.701,NaN,-0.521,-0.620,-0.629,-0.326,NaN,NaN,NaN,NaN,-0.301,NaN
329,G,-0.666,-0.557,-0.092,NaN,NaN,0.001,NaN,NaN,NaN,NaN,NaN,NaN,NaN,NaN,0.573,-0.475,NaN,-0.484,NaN,NaN,NaN
330,R,NaN,-0.209,NaN,NaN,NaN,-0.334,-0.352,NaN,NaN,-0.394,NaN,NaN,0.404,NaN,0.002,-0.449,NaN,NaN,NaN,NaN,NaN
331,S,NaN,-0.451,NaN,NaN,NaN,-0.479,NaN,-0.576,NaN,NaN,NaN,-0.786,NaN,NaN,-0.665,0.004,-0.883,NaN,NaN,NaN,NaN
332,A,0.002,NaN,NaN,-0.165,NaN,-0.262,NaN,NaN,NaN,NaN,NaN,NaN,-0.462,NaN,NaN,-0.805,-0.396,-0.381,NaN,NaN,NaN
333,H,NaN,NaN,-0.044,NaN,NaN,NaN,0.002,NaN,NaN,-0.294,NaN,-0.408,-0.555,-0.125,-0.364,NaN,NaN,NaN,NaN,-0.235,NaN
334,S,-0.514,-0.215,NaN,NaN,-1.167,NaN,NaN,NaN,NaN,NaN,NaN,NaN,-0.701,NaN,NaN,0.004,-0.495,NaN,NaN,-0.967,NaN
335,P,0.879,NaN,NaN,NaN,NaN,NaN,NaN,NaN,NaN,-1.199,NaN,NaN,0.002,-0.081,1.227,-0.501,-0.283,NaN,NaN,NaN,NaN
336,W,NaN,-1.393,NaN,NaN,NaN,-1.145,NaN,NaN,NaN,-0.745,NaN,NaN,NaN,NaN,-2.553,-0.800,NaN,NaN,0.011,NaN,-1.972
337,P,-0.359,NaN,NaN,NaN,NaN,NaN,NaN,NaN,NaN,-0.584,NaN,NaN,0.002,-0.969,-1.492,-0.689,-0.516,NaN,NaN,NaN,NaN
338,G,-0.113,-0.320,-0.739,NaN,NaN,0.001,NaN,NaN,NaN,NaN,NaN,NaN,NaN,NaN,-0.775,-0.466,NaN,-0.207,NaN,NaN,NaN
339,A,0.002,NaN,NaN,-0.954,NaN,-0.716,NaN,NaN,NaN,NaN,NaN,NaN,-1.232,NaN,NaN,-0.562,-0.652,-0.521,NaN,NaN,NaN
340,D,-0.101,NaN,0.003,-0.184,NaN,-0.320,-0.979,NaN,NaN,NaN,NaN,-0.152,NaN,NaN,NaN,NaN,NaN,-0.685,NaN,-0.543,NaN
341,R,NaN,-0.483,NaN,NaN,NaN,0.043,-0.195,NaN,NaN,-0.248,NaN,NaN,-0.609,NaN,0.001,-0.227,NaN,NaN,NaN,NaN,NaN
342,V,-1.091,NaN,-2.791,NaN,-0.890,-1.115,NaN,-0.072,NaN,-0.020,NaN,NaN,NaN,NaN,NaN,NaN,NaN,0.005,NaN,NaN,NaN
343,A,0.001,NaN,NaN,-0.389,NaN,-0.256,NaN,NaN,NaN,NaN,NaN,NaN,-1.221,NaN,NaN,-0.299,-0.217,-0.218,NaN,NaN,NaN
344,F,NaN,-0.767,NaN,NaN,0.007,-0.098,NaN,-0.677,NaN,-0.601,NaN,NaN,NaN,NaN,NaN,-1.128,NaN,-0.416,NaN,-0.754,NaN
345,H,NaN,NaN,-0.451,NaN,NaN,NaN,0.004,NaN,NaN,-0.403,NaN,-0.601,-0.535,-0.630,-0.529,NaN,NaN,NaN,NaN,-0.412,NaN
346,Q,NaN,NaN,NaN,0.210,NaN,NaN,-0.484,NaN,0.012,-0.531,NaN,NaN,-0.483,0.004,-0.328,NaN,NaN,NaN,NaN,NaN,-2.421
347,P,-0.419,NaN,NaN,NaN,NaN,NaN,NaN,NaN,NaN,-0.692,NaN,NaN,0.002,-0.600,-0.201,-0.301,-0.386,NaN,NaN,NaN,NaN
348,P,-0.393,NaN,NaN,NaN,NaN,NaN,NaN,NaN,NaN,-0.380,NaN,NaN,0.001,-0.352,0.092,-0.519,-0.394,NaN,NaN,NaN,NaN
349,G,-0.068,-0.654,-0.653,NaN,NaN,0.002,NaN,NaN,NaN,NaN,NaN,NaN,NaN,NaN,0.116,-0.855,NaN,-0.598,NaN,NaN,NaN
350,E,-0.193,NaN,-0.267,0.004,NaN,-0.436,NaN,NaN,-0.226,NaN,NaN,NaN,NaN,-0.438,NaN,NaN,NaN,-0.359,NaN,NaN,-1.069
351,T,-0.442,NaN,NaN,NaN,NaN,NaN,NaN,-0.236,NaN,NaN,NaN,-1.131,-0.365,NaN,NaN,-0.423,0.003,NaN,NaN,NaN,NaN
352,T,-1.781,NaN,NaN,NaN,NaN,NaN,NaN,NaN,-1.897,NaN,-1.775,NaN,-1.959,NaN,-1.796,-0.396,0.007,NaN,NaN,NaN,NaN
353,A,0.002,NaN,NaN,-0.228,NaN,-0.396,NaN,NaN,NaN,NaN,NaN,NaN,-1.019,NaN,NaN,-0.539,-0.889,-0.888,NaN,NaN,NaN
354,M,NaN,NaN,NaN,NaN,NaN,NaN,NaN,-0.626,-3.003,-0.410,0.008,NaN,NaN,NaN,-1.619,NaN,-0.499,-1.270,NaN,NaN,NaN
355,G,-0.671,-0.470,-0.374,NaN,NaN,0.002,NaN,NaN,NaN,NaN,NaN,NaN,NaN,NaN,-0.704,-0.718,NaN,-0.968,NaN,NaN,NaN
356,W,NaN,-1.100,NaN,NaN,NaN,-0.891,NaN,NaN,NaN,-0.330,NaN,NaN,NaN,NaN,-1.736,-1.844,NaN,NaN,0.010,NaN,-2.841
357,A,0.001,NaN,-1.009,NaN,NaN,-0.751,NaN,NaN,NaN,NaN,NaN,NaN,-1.300,NaN,NaN,-0.617,-0.096,-0.323,NaN,NaN,NaN
358,V,-0.540,NaN,-0.905,NaN,-0.541,-0.505,NaN,-0.132,NaN,-0.646,NaN,NaN,NaN,NaN,NaN,NaN,NaN,0.003,NaN,NaN,NaN
359,D,-0.386,NaN,0.008,-0.722,NaN,-1.437,-1.843,NaN,NaN,NaN,NaN,-0.591,NaN,NaN,NaN,NaN,NaN,-1.116,NaN,-0.910,NaN
360,P,0.040,NaN,NaN,NaN,NaN,NaN,NaN,NaN,NaN,-1.883,NaN,NaN,0.003,-0.531,-1.226,-0.526,-0.223,NaN,NaN,NaN,NaN
361,S,NaN,-0.408,NaN,NaN,NaN,-0.278,NaN,-0.598,NaN,NaN,NaN,-0.319,NaN,NaN,-0.278,0.002,-0.117,NaN,NaN,NaN,NaN
362,G,-0.452,-0.398,-1.948,NaN,NaN,0.002,NaN,NaN,NaN,NaN,NaN,NaN,NaN,NaN,-0.502,-0.409,NaN,-1.160,NaN,NaN,NaN
363,L,NaN,NaN,NaN,NaN,NaN,NaN,NaN,NaN,NaN,0.010,-0.441,NaN,-3.272,-2.299,-1.933,NaN,NaN,-0.726,NaN,NaN,NaN
364,Y,NaN,-0.969,-0.795,NaN,-0.818,NaN,-0.814,NaN,NaN,NaN,NaN,-1.186,NaN,NaN,NaN,-0.167,NaN,NaN,NaN,0.009,-2.769
365,E,-0.465,NaN,-0.648,0.007,NaN,-0.679,NaN,NaN,-0.469,NaN,NaN,NaN,NaN,0.822,NaN,NaN,NaN,-0.775,NaN,NaN,-0.923
366,L,NaN,NaN,NaN,NaN,NaN,NaN,NaN,NaN,NaN,0.008,-0.496,NaN,-3.256,-1.553,-1.958,NaN,NaN,-0.645,NaN,NaN,NaN
367,L,NaN,NaN,NaN,NaN,NaN,NaN,NaN,NaN,NaN,0.010,-0.880,NaN,-3.261,-3.149,-2.261,NaN,NaN,-0.196,NaN,NaN,NaN
368,R,NaN,-0.482,NaN,NaN,NaN,-0.824,-0.457,NaN,NaN,-0.544,NaN,NaN,-2.130,NaN,0.002,-0.514,NaN,NaN,NaN,NaN,NaN
369,R,NaN,-0.483,NaN,NaN,NaN,-0.688,-0.487,NaN,NaN,-1.016,NaN,NaN,-1.832,NaN,0.003,-0.444,NaN,NaN,NaN,NaN,NaN
370,L,NaN,NaN,NaN,NaN,NaN,NaN,NaN,NaN,NaN,0.007,-0.591,NaN,-2.927,-1.434,-2.196,NaN,NaN,-0.267,NaN,NaN,NaN
371,S,NaN,-0.727,NaN,NaN,NaN,-0.660,NaN,-1.923,NaN,NaN,NaN,-0.455,NaN,NaN,-0.819,0.005,-0.313,NaN,NaN,NaN,NaN
372,S,0.014,0.263,NaN,NaN,-0.336,NaN,NaN,NaN,NaN,NaN,NaN,NaN,-2.604,NaN,NaN,0.005,-0.365,NaN,NaN,-0.716,NaN
373,D,-0.283,NaN,0.004,-0.035,NaN,-0.701,-0.436,NaN,NaN,NaN,NaN,-0.297,NaN,NaN,NaN,NaN,NaN,-0.705,NaN,-0.766,NaN
374,F,NaN,-0.579,NaN,NaN,0.011,NaN,NaN,-1.088,NaN,-0.929,NaN,NaN,NaN,NaN,NaN,-1.293,NaN,-0.465,NaN,-0.256,NaN
375,P,-0.296,NaN,NaN,NaN,NaN,NaN,NaN,NaN,NaN,-1.205,NaN,NaN,0.003,-0.648,-0.092,-0.924,-0.603,NaN,NaN,NaN,NaN
376,A,0.001,NaN,NaN,-0.169,NaN,0.208,NaN,NaN,NaN,NaN,NaN,NaN,-1.380,NaN,NaN,-0.268,0.051,-0.475,NaN,NaN,NaN
377,L,NaN,NaN,NaN,NaN,NaN,NaN,NaN,NaN,NaN,0.006,-0.546,NaN,-2.193,-0.628,-1.312,NaN,NaN,0.202,NaN,NaN,NaN
378,P,-0.547,NaN,NaN,NaN,NaN,NaN,NaN,NaN,NaN,-2.181,NaN,NaN,0.004,-0.746,-0.566,-0.729,-0.619,NaN,NaN,NaN,NaN
379,L,NaN,NaN,NaN,NaN,NaN,NaN,NaN,NaN,NaN,0.003,-0.407,NaN,-1.340,-1.089,-1.713,NaN,NaN,-0.087,NaN,NaN,NaN
380,V,-0.786,NaN,NaN,-1.694,NaN,-1.293,NaN,NaN,NaN,-0.328,-0.146,NaN,NaN,NaN,NaN,NaN,NaN,0.005,NaN,NaN,NaN
381,I,NaN,NaN,NaN,NaN,-3.110,NaN,NaN,0.010,NaN,-0.557,-0.176,-2.569,NaN,NaN,NaN,-0.899,-2.617,-0.708,NaN,NaN,NaN
382,T,-2.320,NaN,NaN,NaN,NaN,NaN,NaN,-2.711,NaN,NaN,NaN,-1.540,-1.104,NaN,NaN,-1.450,0.006,NaN,NaN,NaN,NaN
383,E,-1.431,NaN,-2.589,0.015,NaN,-3.231,NaN,NaN,-2.835,NaN,NaN,NaN,NaN,-2.098,NaN,NaN,NaN,-3.304,NaN,NaN,-1.549
384,N,NaN,NaN,-3.034,NaN,NaN,NaN,-1.359,-3.087,-2.879,NaN,NaN,0.016,NaN,NaN,NaN,-0.891,-1.016,NaN,NaN,-3.102,NaN
385,G,-1.429,-0.861,-2.805,NaN,NaN,0.004,NaN,NaN,NaN,NaN,NaN,NaN,NaN,NaN,-2.211,-2.765,NaN,-1.365,NaN,NaN,NaN
386,A,0.003,NaN,-1.969,NaN,NaN,0.129,NaN,NaN,NaN,NaN,NaN,NaN,-1.938,NaN,NaN,-0.714,-1.112,-0.578,NaN,NaN,NaN
387,A,0.004,NaN,NaN,-1.468,NaN,-1.194,NaN,NaN,NaN,NaN,NaN,NaN,-1.022,NaN,NaN,-0.624,-1.338,-1.605,NaN,NaN,NaN
388,F,NaN,-0.145,NaN,NaN,0.007,NaN,NaN,-0.916,NaN,-0.786,NaN,NaN,NaN,NaN,NaN,-0.763,NaN,-0.390,NaN,-0.119,NaN
389,H,NaN,NaN,0.419,NaN,NaN,NaN,0.009,NaN,NaN,-1.560,NaN,-0.496,-0.179,-0.623,-2.642,NaN,NaN,NaN,NaN,-0.506,NaN
390,D,-1.199,NaN,0.011,-2.177,NaN,-2.956,NaN,NaN,NaN,NaN,NaN,-2.554,NaN,NaN,NaN,NaN,NaN,-3.107,NaN,-0.994,NaN
391,Y,NaN,-2.892,-1.117,0.900,-3.623,NaN,-3.111,NaN,NaN,NaN,NaN,-3.114,NaN,NaN,NaN,-1.058,NaN,NaN,NaN,0.013,-2.546
392,A,0.001,NaN,-2.016,NaN,NaN,-0.510,NaN,NaN,NaN,NaN,NaN,NaN,0.209,NaN,NaN,-0.213,-0.259,0.006,NaN,NaN,NaN
393,D,-0.976,NaN,0.007,-1.688,NaN,-1.334,-2.032,NaN,NaN,NaN,NaN,-0.235,NaN,NaN,NaN,NaN,NaN,-1.303,NaN,-1.316,NaN
394,P,-0.535,NaN,NaN,NaN,NaN,NaN,NaN,NaN,NaN,-2.546,NaN,NaN,0.006,-1.182,-2.674,-2.841,-0.816,NaN,NaN,NaN,NaN
395,E,-0.286,NaN,-0.186,0.005,NaN,-0.681,NaN,NaN,-0.518,NaN,NaN,NaN,NaN,-0.990,NaN,NaN,NaN,-0.629,NaN,NaN,-1.511
396,G,-0.511,-0.245,-2.521,NaN,NaN,0.002,NaN,NaN,NaN,NaN,NaN,NaN,NaN,NaN,-0.397,-0.254,NaN,-0.912,NaN,NaN,NaN
397,N,NaN,-0.511,-0.378,NaN,NaN,NaN,-0.417,-0.567,-0.460,NaN,NaN,0.005,NaN,NaN,NaN,-0.409,-0.409,NaN,NaN,-0.293,NaN
398,V,-1.495,NaN,-3.289,NaN,-2.166,-0.976,NaN,-0.185,NaN,-2.078,NaN,NaN,NaN,NaN,NaN,NaN,NaN,0.007,NaN,NaN,NaN
399,N,NaN,NaN,-1.431,NaN,NaN,NaN,-0.246,-0.429,-0.187,NaN,NaN,0.005,NaN,NaN,NaN,-0.606,-0.376,NaN,NaN,-0.382,NaN
400,D,-1.564,NaN,0.013,-2.125,NaN,-2.940,-1.505,NaN,NaN,NaN,NaN,-2.722,NaN,NaN,NaN,NaN,NaN,-2.891,NaN,-1.876,NaN
401,P,-0.753,NaN,NaN,NaN,NaN,NaN,NaN,NaN,NaN,-0.410,NaN,NaN,0.002,-0.394,-0.800,-0.378,-0.604,NaN,NaN,NaN,NaN
402,E,-0.470,NaN,-0.377,0.006,NaN,-0.677,NaN,NaN,-0.200,NaN,NaN,NaN,NaN,-0.189,NaN,NaN,NaN,-1.391,NaN,NaN,-1.227
403,R,NaN,-2.998,NaN,NaN,NaN,-1.624,-2.929,NaN,NaN,-2.058,NaN,NaN,-2.937,NaN,0.006,-1.792,NaN,NaN,NaN,NaN,NaN
404,I,NaN,NaN,NaN,NaN,-1.558,NaN,NaN,0.006,NaN,-0.541,-0.604,-2.435,NaN,NaN,NaN,-0.247,-0.783,-0.375,NaN,NaN,NaN
405,A,0.001,NaN,NaN,-0.324,NaN,-0.389,NaN,NaN,NaN,NaN,NaN,NaN,-1.313,NaN,NaN,0.045,-0.304,-0.245,NaN,NaN,NaN
406,Y,NaN,-1.353,-0.982,NaN,-0.270,NaN,-2.149,NaN,NaN,NaN,NaN,-2.767,NaN,NaN,NaN,-1.348,NaN,NaN,NaN,0.007,-2.316
407,V,-1.151,NaN,-2.960,NaN,-0.921,-1.546,NaN,-0.216,NaN,0.370,NaN,NaN,NaN,NaN,NaN,NaN,NaN,0.006,NaN,NaN,NaN
408,R,NaN,-0.569,NaN,NaN,NaN,0.295,-0.269,NaN,NaN,-0.701,NaN,NaN,-2.362,NaN,0.003,-0.700,NaN,NaN,NaN,NaN,NaN
409,D,-0.142,NaN,0.004,-0.066,NaN,-0.345,-0.236,NaN,NaN,NaN,NaN,-0.341,NaN,NaN,NaN,NaN,NaN,-0.719,NaN,-0.515,NaN
410,H,NaN,NaN,-2.190,NaN,NaN,NaN,0.012,NaN,NaN,-3.252,NaN,-0.961,-2.272,-0.857,-2.984,NaN,NaN,NaN,NaN,-1.950,NaN
411,L,NaN,NaN,NaN,NaN,NaN,NaN,NaN,NaN,NaN,0.010,-0.813,NaN,-3.126,-3.384,-2.070,NaN,NaN,-0.216,NaN,NaN,NaN
412,A,0.001,NaN,NaN,-0.019,NaN,-0.298,NaN,NaN,NaN,NaN,NaN,NaN,-2.266,NaN,NaN,-0.249,-0.125,-0.261,NaN,NaN,NaN
413,A,0.003,NaN,NaN,-0.660,NaN,-0.883,NaN,NaN,NaN,NaN,NaN,NaN,-1.546,NaN,NaN,-0.495,-1.005,-0.782,NaN,NaN,NaN
414,V,-0.617,NaN,-3.189,NaN,-2.401,-1.778,NaN,0.015,NaN,0.202,NaN,NaN,NaN,NaN,NaN,NaN,NaN,0.005,NaN,NaN,NaN
415,H,NaN,NaN,-0.790,NaN,NaN,NaN,0.006,NaN,NaN,-0.385,NaN,-0.746,-2.109,-0.681,-0.918,NaN,NaN,NaN,NaN,-0.259,NaN
416,R,NaN,-0.704,NaN,NaN,NaN,-0.460,-0.192,NaN,NaN,-0.624,NaN,NaN,-1.568,NaN,0.002,-0.503,NaN,NaN,NaN,NaN,NaN
417,A,0.004,NaN,NaN,-1.454,NaN,-0.735,NaN,NaN,NaN,NaN,NaN,NaN,-1.776,NaN,NaN,-0.565,-1.334,-1.389,NaN,NaN,NaN
418,I,NaN,NaN,NaN,NaN,-0.758,NaN,NaN,0.007,NaN,-0.194,-0.254,-1.389,NaN,NaN,NaN,-0.744,-1.149,-0.732,NaN,NaN,NaN
419,K,NaN,NaN,NaN,-0.318,NaN,NaN,NaN,-0.350,0.009,NaN,NaN,-0.483,NaN,-0.201,-0.463,NaN,-0.064,NaN,NaN,NaN,-3.167
420,D,0.151,NaN,0.003,-0.130,NaN,-0.594,-0.313,NaN,NaN,NaN,NaN,-0.535,NaN,NaN,NaN,NaN,NaN,-0.746,NaN,-0.569,NaN
421,G,-1.572,-0.498,-0.906,NaN,NaN,0.003,NaN,NaN,NaN,NaN,NaN,NaN,NaN,NaN,-1.159,-1.310,NaN,-1.213,NaN,NaN,NaN
422,S,-0.244,NaN,NaN,NaN,NaN,NaN,NaN,NaN,NaN,-0.993,NaN,NaN,-2.842,NaN,NaN,0.007,-0.386,NaN,NaN,NaN,-1.174
423,D,-0.767,NaN,0.004,-0.464,NaN,-1.136,NaN,NaN,NaN,NaN,NaN,0.036,NaN,NaN,NaN,NaN,NaN,-0.731,NaN,-0.623,NaN
424,V,-1.749,NaN,NaN,-3.472,NaN,-1.730,NaN,NaN,NaN,-1.273,-2.053,NaN,NaN,NaN,NaN,NaN,NaN,0.010,NaN,NaN,NaN
425,R,NaN,-0.886,NaN,NaN,NaN,-0.633,-0.755,NaN,NaN,-0.740,NaN,NaN,-1.889,NaN,0.003,-0.769,NaN,NaN,NaN,NaN,NaN
426,G,-0.720,-1.599,-2.930,NaN,NaN,0.006,NaN,NaN,NaN,NaN,NaN,NaN,NaN,NaN,-1.286,-2.291,NaN,-1.198,NaN,NaN,NaN
427,Y,NaN,-3.195,-1.416,NaN,-0.463,NaN,-1.387,NaN,NaN,NaN,NaN,-3.077,NaN,NaN,NaN,-0.940,NaN,NaN,NaN,0.013,-2.885
428,F,NaN,-0.647,NaN,NaN,0.016,NaN,NaN,-1.353,NaN,-1.617,NaN,NaN,NaN,NaN,NaN,-3.191,NaN,-0.939,NaN,-0.800,NaN
429,L,NaN,NaN,NaN,NaN,NaN,NaN,NaN,NaN,NaN,0.008,-0.542,NaN,-3.181,-1.098,-1.754,NaN,NaN,-0.560,NaN,NaN,NaN
430,W,NaN,-1.284,NaN,NaN,NaN,-1.556,NaN,NaN,NaN,-1.159,NaN,NaN,NaN,NaN,-3.125,-1.912,NaN,NaN,0.013,NaN,-2.632
431,S,-0.080,NaN,NaN,NaN,NaN,NaN,NaN,NaN,NaN,-2.614,NaN,NaN,-3.244,NaN,NaN,0.009,-0.483,NaN,-0.810,NaN,-1.128
432,L,NaN,NaN,NaN,NaN,NaN,NaN,NaN,NaN,NaN,0.008,-0.494,NaN,-3.253,-1.044,-1.980,NaN,NaN,-0.941,NaN,NaN,NaN
433,L,NaN,NaN,NaN,NaN,NaN,NaN,NaN,NaN,NaN,0.009,-0.637,NaN,-2.990,-2.313,-1.965,NaN,NaN,-0.493,NaN,NaN,NaN
434,D,-1.364,NaN,0.012,-2.362,NaN,-2.766,-2.527,NaN,NaN,NaN,NaN,-2.594,NaN,NaN,NaN,NaN,NaN,-2.928,NaN,-1.945,NaN
435,N,NaN,NaN,-2.748,NaN,NaN,NaN,-1.495,-3.237,-2.304,NaN,NaN,0.013,NaN,NaN,NaN,-2.671,-0.292,NaN,NaN,-3.684,NaN
436,F,NaN,-1.479,NaN,NaN,0.013,NaN,NaN,-3.458,NaN,-0.933,NaN,NaN,NaN,NaN,NaN,-3.214,NaN,-0.945,NaN,-0.349,NaN
437,E,-1.865,NaN,-1.902,0.013,NaN,-2.860,NaN,NaN,-2.776,NaN,NaN,NaN,NaN,-2.299,NaN,NaN,NaN,-3.021,NaN,NaN,-1.220
438,W,NaN,-1.565,NaN,NaN,NaN,-0.946,NaN,NaN,NaN,-0.999,NaN,NaN,NaN,NaN,-3.279,-2.354,NaN,NaN,0.013,NaN,-2.850
439,A,0.002,NaN,NaN,-0.636,NaN,0.078,NaN,NaN,NaN,NaN,NaN,NaN,-1.428,NaN,NaN,-0.193,-0.547,-0.262,NaN,NaN,NaN
440,H,NaN,NaN,0.262,NaN,NaN,NaN,0.007,NaN,NaN,-0.670,NaN,-0.461,-1.614,-0.455,-1.517,NaN,NaN,NaN,NaN,-0.501,NaN
441,G,-2.968,-0.869,-3.080,NaN,NaN,0.004,NaN,NaN,NaN,NaN,NaN,NaN,NaN,NaN,-2.998,-3.037,NaN,-1.954,NaN,NaN,NaN
442,Y,NaN,-3.220,-0.439,NaN,-0.390,NaN,-3.063,NaN,NaN,NaN,NaN,-3.490,NaN,NaN,NaN,-1.478,NaN,NaN,NaN,0.011,-2.020
443,S,NaN,-1.575,NaN,NaN,NaN,-0.736,NaN,-1.959,NaN,NaN,NaN,-1.779,NaN,NaN,-2.071,0.010,-1.958,NaN,NaN,NaN,NaN
444,K,NaN,NaN,NaN,-0.797,NaN,NaN,NaN,-0.833,0.013,NaN,NaN,-0.966,NaN,-0.344,-0.418,NaN,-0.128,NaN,NaN,NaN,-3.024
445,R,NaN,-2.961,NaN,NaN,NaN,-1.882,-2.883,NaN,NaN,-2.282,NaN,NaN,NaN,NaN,0.005,-2.064,NaN,NaN,NaN,NaN,NaN
446,F,NaN,-1.449,NaN,NaN,0.018,NaN,NaN,-3.237,NaN,-1.711,NaN,NaN,NaN,NaN,NaN,-3.059,NaN,-0.770,NaN,-0.391,NaN
447,G,-1.816,-1.831,-2.780,NaN,NaN,0.005,NaN,NaN,NaN,NaN,NaN,NaN,NaN,NaN,-1.979,-2.457,NaN,-2.123,NaN,NaN,NaN
448,A,0.001,NaN,-2.239,NaN,NaN,-0.991,NaN,NaN,NaN,NaN,NaN,NaN,-1.456,NaN,NaN,-0.327,-0.015,-0.093,NaN,NaN,NaN
449,V,-0.928,NaN,NaN,-2.733,NaN,-1.252,NaN,NaN,NaN,-0.714,-0.587,NaN,NaN,NaN,NaN,NaN,NaN,0.006,NaN,NaN,NaN
450,Y,NaN,-3.181,-1.407,NaN,-0.357,NaN,-1.894,NaN,NaN,NaN,NaN,-2.642,NaN,NaN,NaN,-1.102,NaN,NaN,NaN,0.011,-2.829
451,V,-3.140,NaN,-3.403,NaN,-1.824,-2.228,NaN,-0.242,NaN,-1.415,NaN,NaN,NaN,NaN,NaN,NaN,NaN,0.008,NaN,NaN,NaN
452,D,-1.120,NaN,0.008,-0.517,NaN,-2.339,0.037,NaN,NaN,NaN,NaN,-0.750,NaN,NaN,NaN,NaN,NaN,-0.876,NaN,-0.378,NaN
453,Y,NaN,-3.094,-1.977,NaN,-0.251,NaN,-2.027,NaN,NaN,NaN,NaN,-3.594,NaN,NaN,NaN,-1.317,NaN,NaN,NaN,0.010,-2.148
454,P,-1.414,NaN,NaN,NaN,NaN,NaN,NaN,NaN,NaN,-0.919,NaN,NaN,0.005,-1.233,-0.955,-1.492,-1.162,NaN,NaN,NaN,NaN
455,T,-1.244,NaN,NaN,NaN,NaN,NaN,NaN,-0.758,NaN,NaN,NaN,-0.857,-1.772,NaN,NaN,-0.483,0.005,NaN,NaN,NaN,NaN
456,G,0.015,-0.699,-2.881,NaN,NaN,0.004,NaN,NaN,NaN,NaN,NaN,NaN,NaN,NaN,-0.386,-0.402,NaN,-1.930,NaN,NaN,NaN
457,T,-0.297,NaN,NaN,NaN,NaN,NaN,NaN,NaN,-0.133,NaN,-0.605,NaN,-2.205,NaN,-0.736,-0.522,0.005,NaN,NaN,NaN,NaN
458,R,NaN,-3.068,NaN,NaN,NaN,-2.553,-2.396,NaN,NaN,-2.000,NaN,NaN,-2.330,NaN,0.007,-2.410,NaN,NaN,NaN,NaN,NaN
459,I,NaN,NaN,NaN,NaN,-0.549,NaN,NaN,0.007,NaN,-0.815,0.295,-2.236,NaN,NaN,NaN,-1.009,-0.340,-0.499,NaN,NaN,NaN
460,P,-1.406,NaN,NaN,NaN,NaN,NaN,NaN,NaN,NaN,-0.508,NaN,NaN,0.003,-0.429,-1.014,-0.920,-0.714,NaN,NaN,NaN,NaN
461,K,NaN,NaN,NaN,-3.234,NaN,NaN,NaN,-3.214,0.021,NaN,NaN,-3.137,NaN,-2.050,-3.311,NaN,-1.337,NaN,NaN,NaN,-3.249
462,A,0.001,NaN,-0.440,NaN,NaN,-0.608,NaN,NaN,NaN,NaN,NaN,NaN,-1.420,NaN,NaN,-0.383,-0.176,-0.474,NaN,NaN,NaN
463,S,NaN,-0.829,NaN,NaN,NaN,-1.583,NaN,-0.760,NaN,NaN,NaN,-3.360,NaN,NaN,-2.903,0.014,-0.655,NaN,NaN,NaN,NaN
464,A,0.003,NaN,-2.127,NaN,NaN,-0.710,NaN,NaN,NaN,NaN,NaN,NaN,-1.774,NaN,NaN,-0.753,-1.310,-0.957,NaN,NaN,NaN
465,R,NaN,-0.508,NaN,NaN,NaN,-0.608,-0.189,NaN,NaN,-0.295,NaN,NaN,-1.992,NaN,0.002,-0.619,NaN,NaN,NaN,NaN,NaN
466,W,NaN,-0.603,NaN,NaN,NaN,-1.826,NaN,NaN,NaN,-0.626,NaN,NaN,NaN,NaN,-2.715,-1.478,NaN,NaN,0.015,NaN,-3.153
467,Y,NaN,-2.112,-1.384,NaN,-0.377,NaN,-3.186,NaN,NaN,NaN,NaN,-3.148,NaN,NaN,NaN,-2.054,NaN,NaN,NaN,0.013,-3.253
468,A,0.002,NaN,-2.200,NaN,NaN,0.143,NaN,NaN,NaN,NaN,NaN,NaN,-1.970,NaN,NaN,-0.219,-0.500,-1.385,NaN,NaN,NaN
469,E,-0.307,NaN,-0.197,0.003,NaN,-0.277,NaN,NaN,-0.042,NaN,NaN,NaN,NaN,-0.199,NaN,NaN,NaN,-0.415,NaN,NaN,-1.109
470,V,-1.163,NaN,-3.666,NaN,-0.818,-1.466,NaN,-0.159,NaN,0.158,NaN,NaN,NaN,NaN,NaN,NaN,NaN,0.007,NaN,NaN,NaN
471,A,0.002,NaN,-2.169,NaN,NaN,-1.218,NaN,NaN,NaN,NaN,NaN,NaN,-1.124,NaN,NaN,-0.655,-0.335,-0.273,NaN,NaN,NaN
472,R,NaN,-0.539,NaN,NaN,NaN,-0.544,-0.464,NaN,NaN,-0.595,NaN,NaN,-2.598,NaN,0.004,-0.561,NaN,NaN,NaN,NaN,NaN
473,T,-0.615,NaN,NaN,NaN,NaN,NaN,NaN,NaN,-0.401,NaN,-0.630,NaN,-1.814,NaN,-0.427,-0.386,0.005,NaN,NaN,NaN,NaN
474,G,-0.766,-0.365,-0.628,NaN,NaN,0.002,NaN,NaN,NaN,NaN,NaN,NaN,NaN,NaN,-0.537,-0.408,NaN,-1.354,NaN,NaN,NaN
475,V,-0.423,NaN,-0.801,NaN,-0.434,0.010,NaN,-0.419,NaN,-0.531,NaN,NaN,NaN,NaN,NaN,NaN,NaN,0.003,NaN,NaN,NaN
476,L,NaN,NaN,NaN,NaN,NaN,NaN,NaN,NaN,NaN,0.008,-0.393,NaN,-1.154,-1.408,-1.434,NaN,NaN,-0.266,NaN,NaN,NaN
477,P,-0.365,NaN,NaN,NaN,NaN,NaN,NaN,NaN,NaN,-0.536,NaN,NaN,0.003,-0.495,-0.540,-0.290,-0.363,NaN,NaN,NaN,NaN
478,T,-0.109,NaN,NaN,NaN,NaN,NaN,NaN,-0.032,NaN,NaN,NaN,-0.567,-0.387,NaN,NaN,-0.060,0.001,NaN,NaN,NaN,NaN
479,A,0.001,NaN,-0.152,NaN,NaN,-0.222,NaN,NaN,NaN,NaN,NaN,NaN,-0.035,NaN,NaN,-0.185,-0.322,-0.610,NaN,NaN,NaN
480,G,-0.671,NaN,NaN,-0.302,NaN,0.001,NaN,NaN,NaN,NaN,NaN,NaN,NaN,NaN,-0.116,NaN,NaN,-0.251,-0.360,NaN,NaN
481,D,0.162,NaN,0.002,-0.162,NaN,-0.278,-0.043,NaN,NaN,NaN,NaN,0.123,NaN,NaN,NaN,NaN,NaN,-0.266,NaN,-0.043,NaN
482,P,0.150,NaN,NaN,NaN,NaN,NaN,NaN,NaN,NaN,-0.408,NaN,NaN,0.002,-0.135,-0.231,-0.348,-0.208,NaN,NaN,NaN,NaN
483,N,NaN,NaN,-0.190,NaN,NaN,NaN,-0.276,-0.305,-0.151,NaN,NaN,0.003,NaN,NaN,NaN,-0.338,-0.258,NaN,NaN,-0.161,NaN
484,S,0.080,NaN,NaN,NaN,NaN,NaN,NaN,NaN,NaN,-0.185,NaN,NaN,-0.382,NaN,NaN,0.003,-0.258,NaN,-0.747,NaN,-0.419
485,S,NaN,-0.194,NaN,NaN,NaN,-0.184,NaN,0.183,NaN,NaN,NaN,-0.459,NaN,NaN,0.028,0.001,0.047,NaN,NaN,NaN,NaN
486,S,0.104,0.205,NaN,NaN,-0.277,NaN,NaN,NaN,NaN,NaN,NaN,NaN,-0.070,NaN,NaN,0.001,-0.160,NaN,NaN,-0.231,NaN
487,V,-0.171,NaN,-0.239,NaN,-0.119,-0.075,NaN,0.016,NaN,-0.146,NaN,NaN,NaN,NaN,NaN,NaN,NaN,0.001,NaN,NaN,NaN
488,D,-0.145,NaN,0.002,-0.156,NaN,-0.356,-0.102,NaN,NaN,NaN,NaN,-0.145,NaN,NaN,NaN,NaN,NaN,-0.153,NaN,-0.407,NaN
489,K,NaN,NaN,NaN,-0.371,NaN,NaN,NaN,NaN,0.004,NaN,-0.379,-0.215,NaN,-0.194,-0.313,NaN,-0.197,NaN,NaN,NaN,-0.085
490,L,NaN,NaN,NaN,NaN,-0.071,NaN,-0.283,-0.294,NaN,0.002,NaN,NaN,-0.301,NaN,-0.075,NaN,NaN,-0.665,NaN,NaN,NaN
491,A,0.001,NaN,NaN,-0.260,NaN,0.541,NaN,NaN,NaN,NaN,NaN,NaN,0.379,NaN,NaN,-0.677,-0.406,-0.383,NaN,NaN,NaN
492,A,0.001,NaN,-0.248,NaN,NaN,-0.206,NaN,NaN,NaN,NaN,NaN,NaN,0.164,NaN,NaN,-0.073,-0.190,-0.113,NaN,NaN,NaN
493,A,0.001,NaN,NaN,-0.042,NaN,-0.147,NaN,NaN,NaN,NaN,NaN,NaN,-0.103,NaN,NaN,-0.266,-0.194,-0.340,NaN,NaN,NaN
494,L,NaN,NaN,NaN,NaN,-0.183,NaN,-0.078,-0.366,NaN,0.001,NaN,NaN,-0.070,NaN,0.054,NaN,NaN,-0.057,NaN,NaN,NaN
495,E,-0.371,NaN,-0.245,0.003,NaN,-0.118,NaN,NaN,-0.206,NaN,NaN,NaN,NaN,-0.146,NaN,NaN,NaN,-0.167,NaN,NaN,-0.478
496,H,NaN,NaN,-0.192,NaN,NaN,NaN,0.003,NaN,NaN,-0.198,NaN,-0.590,-0.237,-0.008,-0.268,NaN,NaN,NaN,NaN,-0.489,NaN
497,H,NaN,NaN,0.210,NaN,NaN,NaN,0.004,NaN,NaN,-0.428,NaN,-0.566,-0.136,-0.512,-0.506,NaN,NaN,NaN,NaN,-0.108,NaN
498,H,NaN,NaN,-0.141,NaN,NaN,NaN,0.004,NaN,NaN,-0.403,NaN,-0.312,-0.770,-0.389,-0.258,NaN,-1.247,NaN,NaN,-0.338,NaN
499,H,NaN,NaN,-0.141,NaN,NaN,NaN,0.004,NaN,NaN,-0.420,NaN,-0.485,-0.395,-0.414,-0.341,NaN,0.185,NaN,NaN,-0.255,NaN
500,H,NaN,NaN,-0.430,NaN,NaN,NaN,0.003,NaN,NaN,-0.195,NaN,-0.317,-0.103,-0.166,-0.332,NaN,-0.823,NaN,NaN,-0.353,NaN
501,H,NaN,NaN,-0.230,NaN,NaN,NaN,0.003,NaN,NaN,-0.335,NaN,-0.456,-0.613,-0.310,-0.199,NaN,NaN,NaN,NaN,-0.367,NaN
